,pos,neg,neu,comp,tag
0,0.083,0.404,0.513,-0.9729,2001
1,0.08,0.16,0.76,-0.7096,2001
2,0.156,0.131,0.713,0.2732,2001
3,0.083,0.239,0.678,-0.743,2001
4,0.186,0.328,0.485,-0.8957,2001
5,0.0,0.0,1.0,0.0,2001
6,0.232,0.128,0.64,0.34,2001
7,0.051,0.167,0.781,-0.6369,2001
8,0.0,0.199,0.801,-0.802,2001
9,0.2,0.0,0.8,0.8412,2001
10,0.204,0.181,0.615,0.3182,2001
11,0.413,0.077,0.51,0.9571,2001
12,0.269,0.0,0.731,0.886,2001
13,0.134,0.221,0.645,-0.5423,2001
14,0.372,0.108,0.521,0.9136,2001
15,0.179,0.063,0.758,0.5574,2001
16,0.108,0.081,0.811,-0.0258,2001
17,0.298,0.0,0.702,0.9246,2001
18,0.036,0.052,0.912,-0.1531,2001
19,0.18,0.0,0.82,0.6908,2001
20,0.057,0.329,0.614,-0.9559,2001
21,0.142,0.148,0.71,-0.0772,2001
22,0.0,0.143,0.857,-0.6124,2001
23,0.198,0.073,0.729,0.4767,2001
24,0.084,0.29,0.627,-0.7845,2001
25,0.105,0.068,0.828,0.4019,2001
26,0.098,0.2,0.703,-0.6705,2001
27,0.064,0.415,0.521,-0.9783,2001
28,0.091,0.0,0.909,0.4215,2001
29,0.175,0.318,0.507,-0.9287,2001
30,0.254,0.154,0.592,0.7096,2001
31,0.105,0.121,0.775,-0.2263,2001
32,0.0,0.0,1.0,0.0,2001
33,0.172,0.0,0.828,0.8271,2001
34,0.0,0.354,0.646,-0.9601,2001
35,0.049,0.289,0.662,-0.93,2001
36,0.055,0.26,0.685,-0.8885,2001
37,0.14,0.071,0.788,0.4215,2001
38,0.103,0.308,0.589,-0.903,2001
39,0.0,0.316,0.684,-0.9001,2001
40,0.064,0.294,0.642,-0.8834,2001
41,0.085,0.189,0.726,-0.3182,2001
42,0.066,0.473,0.46,-0.9895,2001
43,0.071,0.0,0.929,0.4404,2001
44,0.0,0.396,0.604,-0.8957,2001
45,0.0,0.181,0.819,-0.743,2001
46,0.18,0.0,0.82,0.5267,2001
47,0.214,0.114,0.672,0.6705,2001
48,0.143,0.0,0.857,0.7717,2001
49,0.136,0.181,0.682,-0.3612,2001
50,0.14,0.0,0.86,0.7184,2001
51,0.0,0.231,0.769,-0.8481,2001
52,0.099,0.141,0.76,-0.6369,2001
53,0.091,0.062,0.848,0.128,2001
54,0.0,0.0,1.0,0.0,2001
55,0.231,0.282,0.486,-0.296,2001
56,0.0,0.348,0.652,-0.9565,2001
57,0.088,0.0,0.912,0.4215,2001
58,0.27,0.102,0.628,0.802,2001
59,0.167,0.068,0.764,0.4215,2001
60,0.061,0.259,0.68,-0.8402,2001
61,0.225,0.135,0.64,0.6369,2001
62,0.169,0.0,0.831,0.7269,2001
63,0.146,0.383,0.471,-0.959,2001
64,0.0,0.0,1.0,0.0,2001
65,0.222,0.0,0.778,0.7717,2001
66,0.0,0.183,0.817,-0.6908,2001
67,0.191,0.055,0.754,0.6597,2001
68,0.0,0.083,0.917,-0.4215,2001
69,0.129,0.147,0.725,-0.4588,2001
70,0.099,0.161,0.74,-0.5994,2001
71,0.0,0.132,0.868,-0.6486,2001
72,0.099,0.361,0.54,-0.9201,2001
73,0.068,0.228,0.704,-0.765,2001
74,0.149,0.077,0.774,0.5574,2001
75,0.0,0.0,1.0,0.0,2001
76,0.213,0.067,0.721,0.7096,2001
77,0.163,0.0,0.837,0.765,2001
78,0.198,0.049,0.753,0.7845,2001
79,0.151,0.244,0.605,-0.4019,2001
80,0.29,0.025,0.685,0.9136,2001
81,0.229,0.084,0.688,0.7783,2001
82,0.071,0.342,0.587,-0.891,2001
83,0.093,0.234,0.673,-0.8126,2001
84,0.124,0.138,0.738,-0.1779,2001
85,0.126,0.098,0.776,0.296,2001
86,0.084,0.0,0.916,0.5106,2001
87,0.063,0.221,0.716,-0.7269,2001
88,0.233,0.0,0.767,0.9081,2001
89,0.123,0.0,0.877,0.5994,2001
90,0.26,0.122,0.618,0.7579,2001
91,0.097,0.296,0.607,-0.93,2001
92,0.034,0.223,0.743,-0.8555,2001
93,0.0,0.064,0.936,-0.128,2001
94,0.193,0.124,0.683,0.2263,2001
95,0.141,0.069,0.79,0.2732,2001
96,0.0,0.321,0.679,-0.8834,2001
97,0.15,0.0,0.85,0.7845,2002
98,0.062,0.03,0.907,0.2023,2002
99,0.128,0.109,0.763,0.0516,2002
100,0.228,0.293,0.479,-0.3182,2002
101,0.117,0.194,0.69,-0.5994,2002
102,0.16,0.128,0.712,-0.0,2002
103,0.067,0.322,0.611,-0.926,2002
104,0.179,0.078,0.743,0.5719,2002
105,0.151,0.0,0.849,0.4767,2002
106,0.23,0.05,0.72,0.8591,2002
107,0.095,0.126,0.778,-0.5849,2002
108,0.041,0.233,0.726,-0.886,2002
109,0.127,0.105,0.768,0.1027,2002
110,0.089,0.131,0.78,-0.128,2002
111,0.23,0.255,0.514,-0.0516,2002
112,0.0,0.292,0.708,-0.8934,2002
113,0.108,0.383,0.508,-0.9531,2002
114,0.141,0.17,0.688,-0.3612,2002
115,0.372,0.0,0.628,0.7717,2002
116,0.144,0.337,0.519,-0.8269,2002
117,0.259,0.039,0.702,0.9091,2002
118,0.255,0.076,0.668,0.6705,2002
119,0.064,0.182,0.754,-0.7506,2002
120,0.0,0.0,1.0,0.0,2002
121,0.197,0.296,0.507,-0.8519,2002
122,0.183,0.302,0.515,-0.8271,2002
123,0.142,0.106,0.752,0.1779,2002
124,0.195,0.066,0.739,0.6486,2002
125,0.098,0.095,0.807,0.0258,2002
126,0.159,0.135,0.706,0.128,2002
127,0.093,0.0,0.907,0.5574,2002
128,0.22,0.0,0.78,0.9022,2002
129,0.142,0.533,0.325,-0.9648,2002
130,0.139,0.303,0.559,-0.8591,2002
131,0.058,0.136,0.806,-0.5859,2002
132,0.167,0.0,0.833,0.802,2002
133,0.07,0.0,0.93,0.4215,2002
134,0.17,0.0,0.83,0.8126,2002
135,0.132,0.156,0.712,-0.2263,2002
136,0.028,0.199,0.773,-0.8834,2002
137,0.039,0.2,0.761,-0.8658,2002
138,0.0,0.175,0.825,-0.7783,2002
139,0.0,0.188,0.812,-0.7003,2002
140,0.109,0.13,0.761,-0.1027,2002
141,0.0,0.373,0.627,-0.8934,2002
142,0.128,0.299,0.573,-0.9062,2002
143,0.05,0.181,0.769,-0.7783,2002
144,0.147,0.216,0.637,-0.4731,2002
145,0.113,0.075,0.812,0.2023,2002
146,0.143,0.432,0.425,-0.9781,2002
147,0.0,0.24,0.76,-0.743,2002
148,0.052,0.23,0.718,-0.8658,2002
149,0.119,0.31,0.571,-0.9001,2002
150,0.061,0.152,0.787,-0.5574,2002
151,0.111,0.183,0.707,-0.4588,2002
152,0.133,0.0,0.867,0.6369,2002
153,0.024,0.094,0.882,-0.5719,2002
154,0.09,0.062,0.847,0.128,2002
155,0.198,0.089,0.712,0.5106,2002
156,0.056,0.329,0.615,-0.9042,2002
157,0.123,0.0,0.877,0.7096,2002
158,0.223,0.374,0.403,-0.9231,2002
159,0.0,0.244,0.756,-0.891,2002
160,0.032,0.273,0.695,-0.8934,2002
161,0.095,0.046,0.859,0.4215,2002
162,0.081,0.222,0.697,-0.7579,2002
163,0.0,0.369,0.631,-0.9705,2002
164,0.156,0.0,0.844,0.34,2002
165,0.133,0.196,0.671,-0.5719,2002
166,0.429,0.0,0.571,0.936,2002
167,0.0,0.306,0.694,-0.9325,2002
168,0.054,0.14,0.806,-0.5423,2002
169,0.139,0.301,0.56,-0.875,2002
170,0.0,0.262,0.738,-0.9349,2002
171,0.039,0.286,0.675,-0.9493,2002
172,0.149,0.088,0.763,0.4215,2002
173,0.13,0.092,0.778,0.2263,2002
174,0.036,0.192,0.772,-0.836,2002
175,0.303,0.0,0.697,0.9169,2002
176,0.208,0.327,0.465,-0.8126,2002
177,0.103,0.042,0.856,0.4939,2002
178,0.095,0.0,0.905,0.5267,2002
179,0.245,0.0,0.755,0.7003,2002
180,0.098,0.291,0.611,-0.8779,2002
181,0.119,0.212,0.669,-0.5994,2002
182,0.06,0.279,0.661,-0.8074,2002
183,0.04,0.134,0.825,-0.7003,2002
184,0.045,0.51,0.446,-0.9779,2002
185,0.176,0.178,0.645,-0.2732,2002
186,0.047,0.424,0.529,-0.9595,2002
187,0.079,0.073,0.847,0.0516,2002
188,0.122,0.058,0.82,0.4588,2002
189,0.078,0.0,0.922,0.5106,2002
190,0.146,0.18,0.674,-0.1531,2002
191,0.15,0.308,0.542,-0.936,2002
192,0.108,0.324,0.568,-0.8689,2002
193,0.0,0.194,0.806,-0.8555,2002
194,0.187,0.098,0.714,0.5574,2002
195,0.111,0.175,0.714,-0.5267,2002
196,0.087,0.345,0.568,-0.9652,2003
197,0.074,0.346,0.579,-0.9601,2003
198,0.094,0.09,0.816,0.0516,2003
199,0.151,0.0,0.849,0.91,2003
200,0.089,0.219,0.692,-0.7964,2003
201,0.044,0.327,0.629,-0.9628,2003
202,0.088,0.256,0.656,-0.8658,2003
203,0.0,0.281,0.719,-0.8934,2003
204,0.206,0.253,0.541,-0.6195,2003
205,0.061,0.491,0.448,-0.9648,2003
206,0.205,0.092,0.703,0.6808,2003
207,0.199,0.089,0.712,0.6808,2003
208,0.088,0.0,0.912,0.4939,2003
209,0.086,0.041,0.873,0.3818,2003
210,0.183,0.232,0.585,-0.4767,2003
211,0.0,0.24,0.76,-0.802,2003
212,0.199,0.15,0.65,0.1027,2003
213,0.032,0.148,0.82,-0.7269,2003
214,0.0,0.054,0.946,-0.4019,2003
215,0.054,0.169,0.776,-0.5994,2003
216,0.09,0.41,0.5,-0.8957,2003
217,0.216,0.0,0.784,0.6705,2003
218,0.185,0.06,0.755,0.7269,2003
219,0.309,0.206,0.485,0.6908,2003
220,0.093,0.0,0.907,0.4019,2003
221,0.079,0.358,0.563,-0.872,2003
222,0.135,0.1,0.764,0.1531,2003
223,0.039,0.233,0.727,-0.8126,2003
224,0.273,0.103,0.624,0.7269,2003
225,0.117,0.352,0.531,-0.9517,2003
226,0.114,0.102,0.784,0.1779,2003
227,0.059,0.277,0.664,-0.8176,2003
228,0.12,0.042,0.838,0.5994,2003
229,0.303,0.0,0.697,0.891,2003
230,0.123,0.218,0.659,-0.5106,2003
231,0.107,0.24,0.653,-0.743,2003
232,0.044,0.214,0.741,-0.8176,2003
233,0.132,0.172,0.696,-0.4019,2003
234,0.0,0.128,0.872,-0.7184,2003
235,0.055,0.396,0.549,-0.9618,2003
236,0.119,0.132,0.749,-0.1531,2003
237,0.201,0.165,0.634,0.5022,2003
238,0.042,0.049,0.909,-0.1027,2003
239,0.148,0.148,0.703,0.0,2003
240,0.0,0.159,0.841,-0.8176,2003
241,0.217,0.067,0.716,0.743,2003
242,0.329,0.224,0.447,0.6908,2003
243,0.159,0.304,0.536,-0.875,2003
244,0.115,0.0,0.885,0.5719,2003
245,0.276,0.0,0.724,0.9246,2003
246,0.115,0.38,0.505,-0.9764,2003
247,0.36,0.0,0.64,0.8957,2003
248,0.068,0.184,0.749,-0.7003,2003
249,0.0,0.219,0.781,-0.8481,2003
250,0.113,0.296,0.591,-0.9028,2003
251,0.32,0.032,0.648,0.9517,2003
252,0.105,0.247,0.648,-0.8619,2003
253,0.09,0.093,0.817,-0.0258,2003
254,0.192,0.0,0.808,0.5267,2003
255,0.177,0.123,0.7,0.296,2003
256,0.094,0.037,0.87,0.4019,2003
257,0.046,0.428,0.526,-0.9756,2003
258,0.271,0.091,0.638,0.5994,2003
259,0.096,0.087,0.817,0.128,2003
260,0.231,0.182,0.586,0.6124,2003
261,0.16,0.0,0.84,0.7906,2003
262,0.123,0.064,0.813,0.5859,2003
263,0.0,0.104,0.896,-0.5423,2003
264,0.047,0.0,0.953,0.25,2003
265,0.0,0.096,0.904,-0.7506,2003
266,0.045,0.109,0.847,-0.6124,2003
267,0.304,0.0,0.696,0.9325,2003
268,0.176,0.153,0.671,0.0258,2003
269,0.12,0.293,0.587,-0.9122,2003
270,0.088,0.145,0.767,-0.25,2003
271,0.151,0.228,0.621,-0.7665,2003
272,0.33,0.144,0.525,0.8176,2003
273,0.0,0.117,0.883,-0.765,2003
274,0.073,0.05,0.877,0.3182,2003
275,0.119,0.197,0.684,-0.5994,2003
276,0.144,0.06,0.796,0.5859,2003
277,0.252,0.056,0.692,0.8807,2003
278,0.013,0.266,0.72,-0.967,2003
279,0.153,0.114,0.733,0.2263,2003
280,0.141,0.0,0.859,0.8271,2003
281,0.144,0.143,0.713,0.0258,2003
282,0.076,0.168,0.757,-0.5267,2003
283,0.142,0.301,0.557,-0.7717,2003
284,0.034,0.051,0.915,-0.2023,2003
285,0.101,0.0,0.899,0.4215,2003
286,0.0,0.08,0.92,-0.5574,2003
287,0.225,0.107,0.668,0.8126,2003
288,0.132,0.137,0.731,-0.0777,2003
289,0.183,0.0,0.817,0.8591,2003
290,0.112,0.202,0.686,-0.6486,2003
291,0.145,0.288,0.567,-0.891,2003
292,0.057,0.417,0.525,-0.9371,2003
293,0.037,0.304,0.658,-0.9325,2004
294,0.029,0.087,0.884,-0.4939,2004
295,0.169,0.103,0.728,0.6369,2004
296,0.104,0.181,0.716,-0.6249,2004
297,0.16,0.049,0.791,0.6808,2004
298,0.086,0.052,0.862,0.128,2004
299,0.12,0.031,0.849,0.743,2004
300,0.061,0.209,0.73,-0.872,2004
301,0.103,0.097,0.801,-0.1779,2004
302,0.133,0.087,0.78,0.25,2004
303,0.095,0.188,0.718,-0.6908,2004
304,0.181,0.04,0.779,0.8225,2004
305,0.231,0.139,0.63,0.296,2004
306,0.248,0.045,0.707,0.9524,2004
307,0.133,0.293,0.574,-0.9485,2004
308,0.271,0.0,0.729,0.9081,2004
309,0.059,0.309,0.633,-0.9217,2004
310,0.141,0.08,0.779,0.5106,2004
311,0.126,0.094,0.779,0.2484,2004
312,0.0,0.088,0.912,-0.6808,2004
313,0.333,0.04,0.626,0.926,2004
314,0.061,0.448,0.491,-0.9623,2004
315,0.037,0.0,0.963,0.0772,2004
316,0.229,0.105,0.667,0.6369,2004
317,0.0,0.283,0.717,-0.8271,2004
318,0.083,0.0,0.917,0.5423,2004
319,0.116,0.095,0.789,0.296,2004
320,0.093,0.057,0.85,0.2023,2004
321,0.091,0.0,0.909,0.4939,2004
322,0.0,0.14,0.86,-0.8316,2004
323,0.0,0.223,0.777,-0.9217,2004
324,0.304,0.046,0.65,0.9287,2004
325,0.112,0.147,0.741,-0.34,2004
326,0.022,0.235,0.743,-0.9062,2004
327,0.02,0.069,0.91,-0.6249,2004
328,0.154,0.251,0.595,-0.6908,2004
329,0.052,0.346,0.602,-0.9796,2004
330,0.215,0.0,0.785,0.7506,2004
331,0.34,0.1,0.56,0.9442,2004
332,0.244,0.036,0.72,0.8834,2004
333,0.197,0.176,0.627,0.4939,2004
334,0.068,0.361,0.571,-0.9779,2004
335,0.0,0.047,0.953,-0.25,2004
336,0.131,0.084,0.785,0.2023,2004
337,0.071,0.212,0.718,-0.9477,2004
338,0.131,0.333,0.536,-0.9081,2004
339,0.136,0.161,0.703,-0.4588,2004
340,0.0,0.151,0.849,-0.5994,2004
341,0.143,0.12,0.737,0.0258,2004
342,0.0,0.291,0.709,-0.8126,2004
343,0.0,0.0,1.0,0.0,2004
344,0.039,0.397,0.564,-0.9837,2004
345,0.072,0.321,0.607,-0.969,2004
346,0.097,0.107,0.796,-0.2023,2004
347,0.079,0.162,0.759,-0.7269,2004
348,0.181,0.118,0.701,0.5881,2004
349,0.199,0.061,0.74,0.5267,2004
350,0.175,0.181,0.645,-0.1027,2004
351,0.112,0.122,0.766,-0.2023,2004
352,0.241,0.0,0.759,0.9001,2004
353,0.072,0.0,0.928,0.4019,2004
354,0.288,0.121,0.591,0.7506,2004
355,0.012,0.447,0.541,-0.99,2004
356,0.192,0.0,0.808,0.9217,2004
357,0.233,0.049,0.719,0.8271,2004
358,0.115,0.224,0.661,-0.5574,2004
359,0.134,0.275,0.591,-0.9287,2004
360,0.057,0.19,0.753,-0.8126,2004
361,0.078,0.079,0.843,-0.0258,2004
362,0.357,0.057,0.586,0.9371,2004
363,0.08,0.088,0.832,0.128,2004
364,0.025,0.224,0.751,-0.8779,2004
365,0.061,0.0,0.939,0.4601,2004
366,0.234,0.306,0.46,-0.6264,2004
367,0.0,0.124,0.876,-0.34,2004
368,0.245,0.0,0.755,0.9423,2004
369,0.387,0.054,0.559,0.9442,2004
370,0.0,0.442,0.558,-0.9531,2004
371,0.155,0.0,0.845,0.8402,2004
372,0.181,0.09,0.729,0.6597,2004
373,0.118,0.182,0.7,-0.765,2004
374,0.115,0.243,0.642,-0.9413,2004
375,0.091,0.153,0.756,-0.5859,2004
376,0.11,0.227,0.663,-0.5859,2004
377,0.0,0.0,1.0,0.0,2004
378,0.082,0.199,0.719,-0.5994,2004
379,0.0,0.088,0.912,-0.4215,2004
380,0.0,0.205,0.795,-0.9081,2004
381,0.115,0.099,0.785,-0.0258,2004
382,0.087,0.043,0.87,0.296,2004
383,0.078,0.278,0.645,-0.9451,2004
384,0.058,0.117,0.825,-0.5574,2004
385,0.117,0.304,0.579,-0.9524,2004
386,0.131,0.108,0.761,0.2023,2004
387,0.166,0.087,0.748,0.7506,2004
388,0.233,0.12,0.647,0.743,2004
389,0.0,0.113,0.887,-0.5106,2004
390,0.132,0.0,0.868,0.5267,2004
391,0.0,0.176,0.824,-0.7964,2005
392,0.185,0.199,0.616,-0.2023,2005
393,0.095,0.391,0.514,-0.9788,2005
394,0.048,0.043,0.909,-0.1779,2005
395,0.286,0.038,0.676,0.9337,2005
396,0.332,0.0,0.668,0.9423,2005
397,0.32,0.126,0.554,0.8807,2005
398,0.045,0.172,0.783,-0.8442,2005
399,0.0,0.0,1.0,0.0,2005
400,0.175,0.0,0.825,0.8271,2005
401,0.207,0.134,0.659,0.5994,2005
402,0.118,0.0,0.882,0.8442,2005
403,0.062,0.172,0.766,-0.8442,2005
404,0.078,0.068,0.854,0.1027,2005
405,0.08,0.226,0.694,-0.9118,2005
406,0.066,0.139,0.795,-0.5719,2005
407,0.0,0.163,0.837,-0.872,2005
408,0.094,0.153,0.753,-0.6369,2005
409,0.161,0.233,0.605,-0.7351,2005
410,0.054,0.182,0.765,-0.6908,2005
411,0.114,0.139,0.747,-0.3612,2005
412,0.0,0.289,0.711,-0.959,2005
413,0.24,0.063,0.698,0.9377,2005
414,0.109,0.175,0.716,-0.4767,2005
415,0.196,0.216,0.588,-0.2023,2005
416,0.055,0.314,0.631,-0.9744,2005
417,0.042,0.434,0.524,-0.9803,2005
418,0.061,0.068,0.871,-0.0516,2005
419,0.154,0.213,0.634,-0.802,2005
420,0.038,0.0,0.962,0.34,2005
421,0.066,0.1,0.833,-0.1531,2005
422,0.187,0.048,0.764,0.836,2005
423,0.137,0.253,0.61,-0.7783,2005
424,0.197,0.281,0.522,-0.7184,2005
425,0.0,0.193,0.807,-0.9081,2005
426,0.105,0.143,0.753,-0.7184,2005
427,0.168,0.06,0.771,0.7717,2005
428,0.264,0.044,0.692,0.9313,2005
429,0.261,0.067,0.672,0.802,2005
430,0.304,0.0,0.696,0.9403,2005
431,0.151,0.054,0.795,0.7351,2005
432,0.082,0.255,0.663,-0.9403,2005
433,0.158,0.217,0.625,-0.6808,2005
434,0.095,0.176,0.729,-0.765,2005
435,0.206,0.113,0.68,0.802,2005
436,0.075,0.033,0.892,0.4215,2005
437,0.121,0.174,0.705,-0.7351,2005
438,0.14,0.062,0.797,0.5423,2005
439,0.125,0.221,0.655,-0.836,2005
440,0.157,0.229,0.614,-0.25,2005
441,0.062,0.059,0.879,0.0258,2005
442,0.112,0.114,0.775,-0.0258,2005
443,0.101,0.229,0.67,-0.9022,2005
444,0.187,0.0,0.813,0.8834,2005
445,0.041,0.147,0.812,-0.7506,2005
446,0.093,0.358,0.55,-0.9853,2005
447,0.115,0.046,0.839,0.5106,2005
448,0.122,0.0,0.878,0.7351,2005
449,0.171,0.023,0.806,0.875,2005
450,0.123,0.118,0.76,0.0516,2005
451,0.085,0.143,0.772,-0.8316,2005
452,0.119,0.117,0.765,-0.2023,2005
453,0.102,0.103,0.795,0.2263,2005
454,0.103,0.0,0.897,0.6705,2005
455,0.143,0.274,0.583,-0.9253,2005
456,0.051,0.455,0.495,-0.9825,2005
457,0.094,0.166,0.74,-0.5994,2005
458,0.141,0.0,0.859,0.6808,2005
459,0.088,0.216,0.696,-0.7579,2005
460,0.197,0.109,0.694,0.4019,2005
461,0.207,0.09,0.703,0.7184,2005
462,0.094,0.0,0.906,0.6908,2005
463,0.196,0.24,0.564,-0.743,2005
464,0.195,0.095,0.71,0.5667,2005
465,0.0,0.219,0.781,-0.8074,2005
466,0.146,0.09,0.764,0.6124,2005
467,0.182,0.07,0.749,0.6486,2005
468,0.095,0.186,0.719,-0.7783,2005
469,0.019,0.132,0.848,-0.765,2005
470,0.055,0.31,0.635,-0.946,2005
471,0.087,0.34,0.573,-0.9607,2005
472,0.17,0.065,0.765,0.5574,2005
473,0.0,0.145,0.855,-0.7184,2005
474,0.036,0.176,0.788,-0.8957,2005
475,0.268,0.13,0.602,0.802,2005
476,0.0,0.325,0.675,-0.9538,2005
477,0.0,0.0,1.0,0.0,2005
478,0.229,0.122,0.65,0.7845,2005
479,0.149,0.142,0.709,-0.1779,2005
480,0.427,0.0,0.573,0.959,2005
481,0.045,0.0,0.955,0.4404,2005
482,0.113,0.425,0.462,-0.9766,2005
483,0.024,0.236,0.741,-0.946,2005
484,0.22,0.0,0.78,0.875,2005
485,0.09,0.088,0.822,-0.2263,2005
486,0.129,0.109,0.762,-0.1027,2005
487,0.165,0.243,0.593,-0.6369,2005
488,0.111,0.0,0.889,0.4767,2005
489,0.1,0.233,0.667,-0.8807,2006
490,0.1,0.204,0.697,-0.743,2006
491,0.081,0.11,0.81,-0.0516,2006
492,0.144,0.165,0.691,-0.2023,2006
493,0.047,0.075,0.879,-0.3626,2006
494,0.1,0.11,0.79,-0.128,2006
495,0.152,0.129,0.718,0.2023,2006
496,0.221,0.059,0.721,0.7506,2006
497,0.15,0.126,0.724,0.2799,2006
498,0.038,0.159,0.803,-0.6908,2006
499,0.182,0.122,0.696,0.2732,2006
500,0.087,0.284,0.629,-0.8934,2006
501,0.094,0.0,0.906,0.4019,2006
502,0.159,0.235,0.606,-0.5267,2006
503,0.227,0.0,0.773,0.9042,2006
504,0.08,0.0,0.92,0.4215,2006
505,0.071,0.217,0.712,-0.7269,2006
506,0.182,0.068,0.75,0.5574,2006
507,0.06,0.198,0.742,-0.6908,2006
508,0.073,0.386,0.541,-0.9818,2006
509,0.161,0.252,0.587,-0.7506,2006
510,0.071,0.247,0.682,-0.7906,2006
511,0.0,0.0,1.0,0.0,2006
512,0.077,0.261,0.662,-0.891,2006
513,0.135,0.142,0.723,-0.1531,2006
514,0.279,0.114,0.607,0.872,2006
515,0.288,0.086,0.626,0.9062,2006
516,0.037,0.097,0.866,-0.5106,2006
517,0.181,0.03,0.789,0.7964,2006
518,0.028,0.207,0.764,-0.8481,2006
519,0.148,0.215,0.637,-0.6369,2006
520,0.196,0.0,0.804,0.7783,2006
521,0.096,0.099,0.805,-0.0516,2006
522,0.191,0.189,0.619,0.0258,2006
523,0.163,0.145,0.692,0.0258,2006
524,0.131,0.173,0.696,-0.2732,2006
525,0.136,0.027,0.837,0.6808,2006
526,0.208,0.078,0.714,0.6124,2006
527,0.042,0.208,0.75,-0.8402,2006
528,0.0,0.305,0.695,-0.9313,2006
529,0.025,0.126,0.849,-0.7506,2006
530,0.071,0.123,0.806,-0.2732,2006
531,0.111,0.219,0.67,-0.6908,2006
532,0.107,0.0,0.893,0.5859,2006
533,0.13,0.0,0.87,0.7579,2006
534,0.071,0.124,0.804,-0.5994,2006
535,0.05,0.181,0.769,-0.743,2006
536,0.272,0.059,0.669,0.8779,2006
537,0.113,0.0,0.887,0.5719,2006
538,0.0,0.0,1.0,0.0,2006
539,0.162,0.122,0.716,0.1779,2006
540,0.081,0.183,0.736,-0.7717,2006
541,0.111,0.283,0.606,-0.8316,2006
542,0.249,0.152,0.599,0.7436,2006
543,0.206,0.028,0.766,0.8126,2006
544,0.089,0.043,0.868,0.296,2006
545,0.157,0.156,0.687,0.0258,2006
546,0.153,0.104,0.743,-0.1872,2006
547,0.154,0.0,0.846,0.7906,2006
548,0.222,0.0,0.778,0.7717,2006
549,0.121,0.274,0.605,-0.8779,2006
550,0.028,0.117,0.855,-0.6597,2006
551,0.174,0.057,0.769,0.6908,2006
552,0.205,0.0,0.795,0.7906,2006
553,0.05,0.248,0.702,-0.875,2006
554,0.337,0.0,0.663,0.9136,2006
555,0.087,0.107,0.806,-0.1779,2006
556,0.161,0.13,0.709,0.1456,2006
557,0.1,0.082,0.818,0.0,2006
558,0.0,0.061,0.939,-0.4404,2006
559,0.21,0.163,0.627,0.34,2006
560,0.0,0.0,1.0,0.0,2006
561,0.232,0.202,0.567,0.0828,2006
562,0.234,0.173,0.594,0.5267,2006
563,0.195,0.049,0.755,0.6808,2006
564,0.059,0.051,0.891,0.0772,2006
565,0.0,0.395,0.605,-0.9844,2006
566,0.038,0.0,0.962,0.128,2006
567,0.166,0.109,0.725,0.2263,2006
568,0.157,0.172,0.672,-0.2023,2006
569,0.055,0.082,0.864,-0.296,2006
570,0.069,0.133,0.798,-0.34,2006
571,0.204,0.046,0.75,0.802,2006
572,0.168,0.059,0.773,0.6369,2006
573,0.119,0.044,0.837,0.5267,2006
574,0.0,0.291,0.709,-0.9246,2006
575,0.0,0.0,1.0,0.0,2006
576,0.171,0.162,0.667,0.1027,2006
577,0.21,0.247,0.543,-0.6976,2006
578,0.127,0.0,0.873,0.4745,2006
579,0.159,0.0,0.841,0.7964,2006
580,0.0,0.446,0.554,-0.9612,2006
581,0.137,0.049,0.814,0.5994,2006
582,0.148,0.112,0.74,0.4404,2006
583,0.115,0.0,0.885,0.7096,2006
584,0.125,0.081,0.794,0.128,2006
585,0.161,0.219,0.62,-0.7579,2007
586,0.049,0.428,0.524,-0.9741,2007
587,0.028,0.31,0.661,-0.9578,2007
588,0.0,0.242,0.758,-0.802,2007
589,0.045,0.126,0.83,-0.5859,2007
590,0.236,0.097,0.667,0.7845,2007
591,0.067,0.154,0.779,-0.4588,2007
592,0.231,0.057,0.713,0.7269,2007
593,0.135,0.189,0.675,-0.4404,2007
594,0.052,0.266,0.682,-0.8555,2007
595,0.169,0.058,0.772,0.743,2007
596,0.093,0.279,0.628,-0.8578,2007
597,0.049,0.177,0.774,-0.7783,2007
598,0.037,0.0,0.963,0.128,2007
599,0.101,0.084,0.815,0.2092,2007
600,0.057,0.0,0.943,0.25,2007
601,0.165,0.265,0.569,-0.765,2007
602,0.235,0.095,0.67,0.8074,2007
603,0.151,0.141,0.707,0.128,2007
604,0.124,0.105,0.771,0.2263,2007
605,0.121,0.166,0.713,-0.7717,2007
606,0.057,0.059,0.884,-0.0258,2007
607,0.257,0.056,0.687,0.7845,2007
608,0.106,0.107,0.787,-0.0076,2007
609,0.096,0.0,0.904,0.5574,2007
610,0.074,0.059,0.867,0.1386,2007
611,0.083,0.0,0.917,0.4404,2007
612,0.158,0.149,0.693,0.1027,2007
613,0.103,0.0,0.897,0.5859,2007
614,0.118,0.049,0.833,0.4588,2007
615,0.04,0.058,0.902,-0.1779,2007
616,0.12,0.315,0.565,-0.9022,2007
617,0.0,0.083,0.917,-0.4215,2007
618,0.084,0.204,0.712,-0.765,2007
619,0.149,0.062,0.788,0.4939,2007
620,0.088,0.135,0.777,-0.2023,2007
621,0.123,0.056,0.821,0.1531,2007
622,0.026,0.281,0.693,-0.9169,2007
623,0.206,0.12,0.674,0.6808,2007
624,0.0,0.207,0.793,-0.7964,2007
625,0.0,0.133,0.867,-0.7184,2007
626,0.089,0.262,0.649,-0.8591,2007
627,0.039,0.101,0.86,-0.4404,2007
628,0.036,0.0,0.964,0.1027,2007
629,0.097,0.296,0.607,-0.8591,2007
630,0.231,0.16,0.61,0.5106,2007
631,0.115,0.371,0.514,-0.9475,2007
632,0.186,0.14,0.674,0.2023,2007
633,0.126,0.152,0.721,-0.0772,2007
634,0.266,0.132,0.602,0.5994,2007
635,0.196,0.071,0.734,0.5574,2007
636,0.144,0.098,0.758,0.2023,2007
637,0.141,0.143,0.716,-0.2732,2007
638,0.109,0.062,0.83,0.296,2007
639,0.162,0.0,0.838,0.7003,2007
640,0.062,0.25,0.688,-0.8402,2007
641,0.055,0.256,0.689,-0.8807,2007
642,0.026,0.184,0.791,-0.8402,2007
643,0.092,0.177,0.731,-0.6249,2007
644,0.139,0.0,0.861,0.7269,2007
645,0.0,0.231,0.769,-0.8074,2007
646,0.112,0.154,0.734,-0.0516,2007
647,0.031,0.156,0.812,-0.7184,2007
648,0.08,0.0,0.92,0.4019,2007
649,0.058,0.181,0.761,-0.5423,2007
650,0.244,0.09,0.666,0.7906,2007
651,0.111,0.143,0.746,-0.1531,2007
652,0.053,0.032,0.915,0.25,2007
653,0.072,0.0,0.928,0.34,2007
654,0.287,0.0,0.713,0.9062,2007
655,0.183,0.0,0.817,0.8176,2007
656,0.134,0.225,0.642,-0.5267,2007
657,0.159,0.215,0.626,-0.5719,2007
658,0.06,0.165,0.775,-0.7351,2007
659,0.35,0.084,0.566,0.9274,2007
660,0.209,0.0,0.791,0.8402,2007
661,0.049,0.037,0.913,0.1625,2007
662,0.119,0.198,0.683,-0.3818,2007
663,0.048,0.124,0.828,-0.5106,2007
664,0.051,0.196,0.753,-0.8519,2007
665,0.0,0.0,1.0,0.0,2007
666,0.178,0.04,0.782,0.7334,2007
667,0.0,0.39,0.61,-0.9612,2007
668,0.096,0.071,0.833,0.0516,2007
669,0.0,0.0,1.0,0.0,2007
670,0.138,0.204,0.658,-0.4404,2007
671,0.304,0.113,0.584,0.8316,2007
672,0.154,0.0,0.846,0.743,2007
673,0.136,0.036,0.828,0.5719,2007
674,0.146,0.093,0.76,0.4215,2007
675,0.029,0.197,0.774,-0.8658,2007
676,0.039,0.163,0.798,-0.8271,2007
677,0.127,0.042,0.832,0.5719,2007
678,0.0,0.0,1.0,0.0,2007
679,0.22,0.315,0.465,-0.6908,2007
680,0.0,0.159,0.841,-0.7783,2008
681,0.211,0.163,0.626,0.5423,2008
682,0.085,0.171,0.744,-0.6369,2008
683,0.276,0.2,0.523,0.7351,2008
684,0.248,0.06,0.692,0.8316,2008
685,0.234,0.158,0.608,0.3415,2008
686,0.0,0.0,1.0,0.0,2008
687,0.0,0.404,0.596,-0.9584,2008
688,0.066,0.191,0.743,-0.7096,2008
689,0.066,0.2,0.734,-0.7964,2008
690,0.0,0.0,1.0,0.0,2008
691,0.163,0.032,0.805,0.6597,2008
692,0.25,0.169,0.581,0.4939,2008
693,0.0,0.122,0.878,-0.6908,2008
694,0.213,0.061,0.726,0.6908,2008
695,0.247,0.0,0.753,0.8591,2008
696,0.041,0.144,0.816,-0.743,2008
697,0.182,0.117,0.701,0.2023,2008
698,0.048,0.362,0.589,-0.9423,2008
699,0.348,0.077,0.575,0.7845,2008
700,0.13,0.241,0.629,-0.6271,2008
701,0.097,0.169,0.734,-0.5574,2008
702,0.101,0.0,0.899,0.5719,2008
703,0.0,0.0,1.0,0.0,2008
704,0.091,0.342,0.567,-0.9219,2008
705,0.279,0.0,0.721,0.9169,2008
706,0.061,0.146,0.793,-0.4898,2008
707,0.033,0.25,0.717,-0.8807,2008
708,0.0,0.402,0.598,-0.9648,2008
709,0.0,0.327,0.673,-0.9432,2008
710,0.074,0.0,0.926,0.5106,2008
711,0.248,0.04,0.712,0.8957,2008
712,0.137,0.07,0.793,0.3612,2008
713,0.199,0.06,0.741,0.7269,2008
714,0.084,0.307,0.61,-0.9136,2008
715,0.0,0.055,0.945,-0.296,2008
716,0.043,0.106,0.851,-0.5106,2008
717,0.057,0.171,0.772,-0.743,2008
718,0.07,0.075,0.856,-0.0516,2008
719,0.198,0.259,0.543,-0.6705,2008
720,0.148,0.123,0.73,-0.1531,2008
721,0.103,0.209,0.688,-0.6369,2008
722,0.165,0.224,0.611,-0.6369,2008
723,0.252,0.0,0.748,0.8957,2008
724,0.133,0.042,0.825,0.5423,2008
725,0.205,0.113,0.682,0.6705,2008
726,0.105,0.035,0.86,0.4588,2008
727,0.093,0.277,0.629,-0.8863,2008
728,0.188,0.0,0.812,0.7964,2008
729,0.055,0.398,0.547,-0.9559,2008
730,0.083,0.287,0.63,-0.9169,2008
731,0.245,0.099,0.655,0.7783,2008
732,0.0,0.124,0.876,-0.6249,2008
733,0.201,0.179,0.619,-0.25,2008
734,0.073,0.131,0.796,-0.4215,2008
735,0.125,0.302,0.573,-0.91,2008
736,0.142,0.0,0.858,0.5859,2008
737,0.165,0.153,0.681,-0.0772,2008
738,0.154,0.054,0.792,0.484,2008
739,0.0,0.163,0.837,-0.7906,2008
740,0.229,0.102,0.669,0.7003,2008
741,0.197,0.145,0.657,0.4588,2008
742,0.036,0.1,0.864,-0.5106,2008
743,0.19,0.0,0.81,0.7579,2008
744,0.197,0.037,0.766,0.7574,2008
745,0.11,0.0,0.89,0.5859,2008
746,0.135,0.201,0.664,-0.6124,2008
747,0.0,0.426,0.574,-0.9584,2008
748,0.0,0.195,0.805,-0.8176,2008
749,0.182,0.06,0.759,0.6486,2008
750,0.155,0.181,0.664,-0.3182,2008
751,0.101,0.088,0.811,-0.1027,2008
752,0.028,0.043,0.929,-0.1779,2008
753,0.063,0.0,0.937,0.4019,2008
754,0.077,0.186,0.738,-0.6124,2008
755,0.129,0.111,0.76,-0.0258,2008
756,0.075,0.307,0.619,-0.8402,2008
757,0.0,0.0,1.0,0.0,2008
758,0.167,0.0,0.833,0.8316,2008
759,0.0,0.0,1.0,0.0,2008
760,0.0,0.346,0.654,-0.9413,2008
761,0.071,0.065,0.864,0.0516,2008
762,0.029,0.0,0.971,0.0772,2008
763,0.0,0.0,1.0,0.0,2008
764,0.161,0.047,0.792,0.5994,2008
765,0.179,0.053,0.768,0.5994,2008
766,0.0,0.153,0.847,-0.6597,2008
767,0.164,0.301,0.535,-0.8591,2008
768,0.07,0.268,0.662,-0.8779,2008
769,0.231,0.0,0.769,0.8807,2008
770,0.05,0.177,0.773,-0.7096,2008
771,0.027,0.182,0.791,-0.8228,2008
772,0.194,0.274,0.533,-0.6705,2008
773,0.213,0.126,0.662,0.2654,2008
774,0.089,0.044,0.867,0.2263,2008
775,0.091,0.095,0.813,-0.0541,2008
776,0.167,0.0,0.833,0.7003,2008
777,0.0,0.394,0.606,-0.3818,2009
778,0.155,0.109,0.736,0.3178,2009
779,0.134,0.141,0.726,0.1027,2009
780,0.377,0.0,0.623,0.926,2009
781,0.0,0.07,0.93,-0.4939,2009
782,0.161,0.214,0.626,-0.6908,2009
783,0.231,0.042,0.728,0.9688,2009
784,0.098,0.08,0.822,0.25,2009
785,0.434,0.0,0.566,0.9753,2009
786,0.213,0.231,0.556,-0.4588,2009
787,0.113,0.403,0.483,-0.9744,2009
788,0.198,0.0,0.802,0.9584,2009
789,0.068,0.201,0.731,-0.872,2009
790,0.097,0.12,0.782,-0.296,2009
791,0.182,0.0,0.818,0.7783,2009
792,0.156,0.079,0.766,0.4939,2009
793,0.0,0.301,0.699,-0.9101,2009
794,0.171,0.069,0.76,0.5267,2009
795,0.107,0.164,0.73,-0.4939,2009
796,0.093,0.082,0.824,-0.296,2009
797,0.088,0.067,0.845,0.4404,2009
798,0.057,0.312,0.631,-0.91,2009
799,0.158,0.041,0.801,0.8658,2009
800,0.214,0.092,0.694,0.8402,2009
801,0.208,0.084,0.708,0.7335,2009
802,0.076,0.306,0.618,-0.9121,2009
803,0.092,0.059,0.85,0.25,2009
804,0.19,0.0,0.81,0.8316,2009
805,0.297,0.022,0.681,0.9517,2009
806,0.0,0.052,0.948,-0.2732,2009
807,0.156,0.047,0.796,0.6249,2009
808,0.0,0.0,1.0,0.0,2009
809,0.098,0.074,0.828,0.3412,2009
810,0.095,0.291,0.614,-0.8779,2009
811,0.248,0.126,0.626,0.8074,2009
812,0.166,0.156,0.678,-0.0844,2009
813,0.0,0.0,1.0,0.0,2009
814,0.16,0.103,0.737,0.1531,2009
815,0.054,0.156,0.79,-0.836,2009
816,0.078,0.0,0.922,0.5423,2009
817,0.053,0.038,0.909,0.2023,2009
818,0.25,0.07,0.681,0.8979,2009
819,0.21,0.084,0.706,0.765,2009
820,0.217,0.116,0.668,0.6808,2009
821,0.087,0.061,0.852,0.1027,2009
822,0.115,0.216,0.669,-0.8807,2009
823,0.075,0.0,0.925,0.4215,2009
824,0.179,0.273,0.548,-0.6358,2009
825,0.197,0.134,0.669,0.0258,2009
826,0.184,0.041,0.775,0.8926,2009
827,0.073,0.042,0.885,0.25,2009
828,0.087,0.071,0.842,0.25,2009
829,0.126,0.259,0.615,-0.7269,2009
830,0.0,0.097,0.903,-0.5574,2009
831,0.095,0.0,0.905,0.4588,2009
832,0.085,0.066,0.849,0.1779,2009
833,0.096,0.154,0.751,-0.1779,2009
834,0.174,0.05,0.776,0.6597,2009
835,0.0,0.183,0.817,-0.7717,2009
836,0.135,0.169,0.696,-0.3758,2009
837,0.061,0.052,0.887,0.1027,2009
838,0.225,0.0,0.775,0.891,2009
839,0.232,0.0,0.768,0.872,2009
840,0.088,0.0,0.912,0.4215,2009
841,0.299,0.243,0.459,0.7717,2009
842,0.14,0.239,0.62,-0.8402,2009
843,0.078,0.0,0.922,0.5994,2009
844,0.166,0.237,0.596,-0.8271,2009
845,0.325,0.026,0.649,0.93,2009
846,0.127,0.168,0.705,-0.5719,2009
847,0.161,0.139,0.7,0.1779,2009
848,0.102,0.231,0.667,-0.8555,2009
849,0.093,0.275,0.633,-0.8957,2009
850,0.114,0.061,0.825,0.3612,2009
851,0.05,0.132,0.818,-0.5574,2009
852,0.054,0.0,0.946,0.4215,2009
853,0.125,0.0,0.875,0.8074,2009
854,0.223,0.0,0.777,0.8957,2009
855,0.22,0.079,0.701,0.7679,2009
856,0.189,0.0,0.811,0.7717,2009
857,0.0,0.136,0.864,-0.765,2009
858,0.1,0.0,0.9,0.6369,2009
859,0.324,0.0,0.676,0.875,2009
860,0.029,0.09,0.881,-0.5859,2009
861,0.262,0.078,0.66,0.9042,2009
862,0.165,0.0,0.835,0.7845,2009
863,0.041,0.309,0.65,-0.8979,2009
864,0.132,0.139,0.728,-0.1027,2009
865,0.133,0.212,0.655,-0.7184,2009
866,0.132,0.078,0.79,0.4588,2009
867,0.204,0.212,0.584,-0.4404,2009
868,0.11,0.083,0.807,0.0772,2009
869,0.084,0.136,0.78,-0.6705,2009
870,0.206,0.028,0.766,0.8779,2009
871,0.104,0.253,0.642,-0.9041,2009
872,0.337,0.0,0.663,0.8807,2009
873,0.097,0.15,0.752,-0.5574,2009
874,0.0,0.091,0.909,-0.5267,2010
875,0.032,0.219,0.749,-0.8885,2010
876,0.168,0.162,0.67,-0.1585,2010
877,0.267,0.0,0.733,0.9231,2010
878,0.055,0.0,0.945,0.4215,2010
879,0.065,0.346,0.589,-0.9643,2010
880,0.075,0.06,0.865,0.1531,2010
881,0.262,0.017,0.721,0.9563,2010
882,0.223,0.273,0.504,-0.6931,2010
883,0.035,0.128,0.837,-0.6956,2010
884,0.076,0.0,0.924,0.34,2010
885,0.056,0.236,0.708,-0.836,2010
886,0.253,0.142,0.605,0.8689,2010
887,0.198,0.224,0.578,-0.4767,2010
888,0.14,0.157,0.702,0.0516,2010
889,0.215,0.036,0.749,0.7783,2010
890,0.29,0.076,0.634,0.91,2010
891,0.0,0.0,1.0,0.0,2010
892,0.094,0.133,0.773,-0.1531,2010
893,0.135,0.074,0.791,0.3182,2010
894,0.156,0.232,0.612,-0.8225,2010
895,0.146,0.106,0.748,0.4588,2010
896,0.048,0.064,0.888,-0.2023,2010
897,0.126,0.026,0.848,0.6808,2010
898,0.086,0.068,0.846,0.0516,2010
899,0.036,0.172,0.792,-0.7906,2010
900,0.106,0.188,0.705,-0.8271,2010
901,0.089,0.131,0.78,-0.25,2010
902,0.22,0.144,0.636,0.1833,2010
903,0.043,0.263,0.694,-0.8225,2010
904,0.124,0.173,0.704,-0.5994,2010
905,0.121,0.094,0.785,0.1551,2010
906,0.083,0.108,0.809,-0.128,2010
907,0.131,0.164,0.705,-0.3818,2010
908,0.17,0.072,0.758,0.9246,2010
909,0.203,0.048,0.749,0.7184,2010
910,0.114,0.263,0.623,-0.8211,2010
911,0.062,0.131,0.808,-0.6908,2010
912,0.328,0.034,0.639,0.9823,2010
913,0.108,0.119,0.773,-0.25,2010
914,0.268,0.0,0.732,0.946,2010
915,0.272,0.047,0.68,0.9221,2010
916,0.046,0.206,0.749,-0.9136,2010
917,0.0,0.429,0.571,-0.4588,2010
918,0.314,0.055,0.631,0.9713,2010
919,0.179,0.081,0.741,0.7964,2010
920,0.171,0.089,0.74,0.5106,2010
921,0.079,0.1,0.821,-0.101,2010
922,0.174,0.169,0.658,0.0557,2010
923,0.056,0.066,0.878,-0.1027,2010
924,0.069,0.0,0.931,0.4588,2010
925,0.225,0.189,0.586,0.1531,2010
926,0.314,0.06,0.626,0.9538,2010
927,0.089,0.145,0.767,-0.4939,2010
928,0.285,0.11,0.605,0.8519,2010
929,0.101,0.189,0.71,-0.836,2010
930,0.053,0.292,0.655,-0.8834,2010
931,0.087,0.165,0.748,-0.3612,2010
932,0.056,0.32,0.624,-0.9136,2010
933,0.0,0.11,0.89,-0.8316,2010
934,0.073,0.346,0.581,-0.9735,2010
935,0.138,0.277,0.585,-0.6705,2010
936,0.201,0.177,0.622,-0.128,2010
937,0.11,0.064,0.826,0.25,2010
938,0.083,0.048,0.87,0.3818,2010
939,0.371,0.087,0.542,0.835,2010
940,0.054,0.104,0.842,-0.5423,2010
941,0.176,0.168,0.656,-0.296,2010
942,0.176,0.108,0.716,0.767,2010
943,0.071,0.096,0.833,-0.0516,2010
944,0.0,0.125,0.875,-0.7184,2010
945,0.17,0.196,0.634,-0.1027,2010
946,0.057,0.129,0.814,-0.5994,2010
947,0.133,0.049,0.817,0.5267,2010
948,0.0,0.0,1.0,0.0,2010
949,0.266,0.122,0.612,0.7717,2010
950,0.171,0.114,0.715,0.5396,2010
951,0.121,0.11,0.769,0.1779,2010
952,0.11,0.227,0.663,-0.8979,2010
953,0.267,0.102,0.632,0.6908,2010
954,0.0,0.042,0.958,-0.4019,2010
955,0.0,0.114,0.886,-0.2732,2010
956,0.158,0.041,0.801,0.7641,2010
957,0.0,0.0,1.0,0.0,2010
958,0.163,0.197,0.64,-0.5106,2010
959,0.036,0.117,0.846,-0.5719,2010
960,0.127,0.248,0.625,-0.7906,2010
961,0.033,0.379,0.589,-0.9894,2010
962,0.036,0.0,0.964,0.2023,2010
963,0.045,0.154,0.801,-0.8779,2010
964,0.438,0.0,0.562,0.9638,2010
965,0.105,0.136,0.759,-0.3818,2010
966,0.172,0.0,0.828,0.7845,2010
967,0.19,0.0,0.81,0.6597,2010
968,0.171,0.2,0.629,-0.4767,2010
969,0.081,0.04,0.879,0.296,2010
970,0.148,0.202,0.65,-0.3182,2010
971,0.187,0.136,0.678,0.3612,2010
972,0.126,0.0,0.874,0.5574,2010
973,0.32,0.05,0.629,0.9833,2011
974,0.332,0.0,0.668,0.9578,2011
975,0.0,0.168,0.832,-0.836,2011
976,0.042,0.098,0.86,-0.4215,2011
977,0.239,0.085,0.677,0.9274,2011
978,0.0,0.091,0.909,-0.4215,2011
979,0.0,0.0,1.0,0.0,2011
980,0.097,0.0,0.903,0.6908,2011
981,0.117,0.188,0.695,-0.7964,2011
982,0.212,0.042,0.746,0.9451,2011
983,0.152,0.199,0.649,-0.0516,2011
984,0.097,0.063,0.84,0.2732,2011
985,0.0,0.0,1.0,0.0,2011
986,0.109,0.047,0.844,0.4588,2011
987,0.134,0.016,0.85,0.8864,2011
988,0.197,0.0,0.803,0.7964,2011
989,0.059,0.142,0.799,-0.6124,2011
990,0.165,0.214,0.621,-0.5106,2011
991,0.141,0.085,0.775,0.7184,2011
992,0.059,0.276,0.665,-0.8316,2011
993,0.075,0.0,0.925,0.5106,2011
994,0.045,0.229,0.726,-0.8555,2011
995,0.2,0.038,0.762,0.8689,2011
996,0.0,0.122,0.878,-0.7003,2011
997,0.14,0.0,0.86,0.9136,2011
998,0.081,0.097,0.823,-0.2263,2011
999,0.044,0.237,0.719,-0.9081,2011
1000,0.063,0.133,0.804,-0.6369,2011
1001,0.08,0.18,0.74,-0.7003,2011
1002,0.138,0.087,0.775,0.4215,2011
1003,0.165,0.0,0.835,0.7269,2011
1004,0.124,0.225,0.651,-0.7717,2011
1005,0.235,0.103,0.662,0.8894,2011
1006,0.089,0.026,0.885,0.6486,2011
1007,0.0,0.036,0.964,-0.4215,2011
1008,0.079,0.0,0.921,0.5859,2011
1009,0.261,0.04,0.699,0.9432,2011
1010,0.074,0.0,0.926,0.4215,2011
1011,0.107,0.088,0.804,-0.0772,2011
1012,0.121,0.069,0.81,0.6115,2011
1013,0.038,0.196,0.767,-0.8779,2011
1014,0.181,0.051,0.768,0.8591,2011
1015,0.118,0.204,0.679,-0.6369,2011
1016,0.13,0.29,0.58,-0.9062,2011
1017,0.152,0.079,0.769,0.5267,2011
1018,0.084,0.078,0.838,0.1027,2011
1019,0.232,0.148,0.62,0.7003,2011
1020,0.051,0.051,0.897,0.0,2011
1021,0.159,0.201,0.64,-0.101,2011
1022,0.158,0.035,0.807,0.7964,2011
1023,0.068,0.14,0.792,-0.4404,2011
1024,0.035,0.045,0.92,-0.2023,2011
1025,0.0,0.136,0.864,-0.5106,2011
1026,0.306,0.032,0.661,0.9325,2011
1027,0.223,0.069,0.708,0.836,2011
1028,0.163,0.0,0.837,0.8519,2011
1029,0.318,0.064,0.618,0.8658,2011
1030,0.098,0.052,0.85,0.5423,2011
1031,0.108,0.099,0.793,0.25,2011
1032,0.141,0.152,0.707,0.0772,2011
1033,0.064,0.127,0.809,-0.7003,2011
1034,0.06,0.142,0.798,-0.7003,2011
1035,0.0,0.076,0.924,-0.5106,2011
1036,0.065,0.076,0.859,-0.1779,2011
1037,0.224,0.094,0.682,0.8957,2011
1038,0.122,0.152,0.727,-0.4173,2011
1039,0.193,0.284,0.522,-0.743,2011
1040,0.103,0.0,0.897,0.743,2011
1041,0.169,0.163,0.669,-0.0534,2011
1042,0.153,0.033,0.814,0.7958,2011
1043,0.239,0.102,0.659,0.7717,2011
1044,0.372,0.0,0.628,0.7269,2011
1045,0.0,0.16,0.84,-0.836,2011
1046,0.165,0.0,0.835,0.872,2011
1047,0.169,0.062,0.769,0.7241,2011
1048,0.22,0.082,0.699,0.7096,2011
1049,0.054,0.201,0.745,-0.7579,2011
1050,0.081,0.114,0.806,-0.3818,2011
1051,0.191,0.0,0.809,0.8934,2011
1052,0.0,0.087,0.913,-0.296,2011
1053,0.194,0.057,0.75,0.7579,2011
1054,0.135,0.0,0.865,0.6124,2011
1055,0.1,0.215,0.685,-0.8126,2011
1056,0.176,0.139,0.685,0.4215,2011
1057,0.082,0.065,0.853,0.128,2011
1058,0.146,0.013,0.841,0.9217,2011
1059,0.235,0.03,0.735,0.9136,2011
1060,0.058,0.0,0.942,0.4939,2011
1061,0.237,0.162,0.601,0.4215,2011
1062,0.041,0.034,0.925,0.0793,2011
1063,0.277,0.032,0.691,0.9409,2011
1064,0.134,0.045,0.822,0.5859,2011
1065,0.047,0.0,0.953,0.3612,2011
1066,0.143,0.204,0.653,-0.8225,2011
1067,0.226,0.147,0.627,0.8807,2011
1068,0.0,0.0,1.0,0.0,2011
1069,0.102,0.0,0.898,0.6249,2011
1070,0.0,0.219,0.781,-0.9136,2011
1071,0.233,0.037,0.73,0.9245,2011
1072,0.08,0.12,0.8,-0.2732,2011
1073,0.207,0.192,0.601,-0.0439,2012
1074,0.131,0.106,0.762,0.3182,2012
1075,0.079,0.329,0.592,-0.8555,2012
1076,0.182,0.092,0.726,0.8606,2012
1077,0.205,0.178,0.617,0.0258,2012
1078,0.0,0.274,0.726,-0.9565,2012
1079,0.11,0.112,0.777,-0.0258,2012
1080,0.137,0.178,0.685,-0.4215,2012
1081,0.271,0.057,0.672,0.8481,2012
1082,0.103,0.0,0.897,0.4939,2012
1083,0.043,0.115,0.842,-0.6124,2012
1084,0.151,0.156,0.693,-0.5574,2012
1085,0.0,0.081,0.919,-0.6705,2012
1086,0.065,0.127,0.808,-0.6369,2012
1087,0.112,0.0,0.888,0.6486,2012
1088,0.186,0.039,0.776,0.8885,2012
1089,0.112,0.135,0.753,-0.3182,2012
1090,0.113,0.0,0.887,0.7906,2012
1091,0.206,0.18,0.614,0.4576,2012
1092,0.0,0.0,1.0,0.0,2012
1093,0.164,0.09,0.746,0.25,2012
1094,0.043,0.327,0.63,-0.8979,2012
1095,0.0,0.328,0.672,-0.9485,2012
1096,0.16,0.14,0.7,0.0516,2012
1097,0.327,0.0,0.673,0.743,2012
1098,0.04,0.356,0.604,-0.9607,2012
1099,0.106,0.256,0.639,-0.7003,2012
1100,0.277,0.0,0.723,0.8316,2012
1101,0.0,0.071,0.929,-0.4588,2012
1102,0.0,0.0,1.0,0.0,2012
1103,0.111,0.03,0.858,0.5423,2012
1104,0.149,0.0,0.851,0.4215,2012
1105,0.0,0.0,1.0,0.0,2012
1106,0.061,0.083,0.856,-0.2023,2012
1107,0.072,0.139,0.789,-0.4404,2012
1108,0.198,0.0,0.802,0.8555,2012
1109,0.107,0.036,0.858,0.5859,2012
1110,0.048,0.112,0.84,-0.4215,2012
1111,0.07,0.279,0.651,-0.9648,2012
1112,0.105,0.07,0.826,0.4019,2012
1113,0.0,0.097,0.903,-0.6249,2012
1114,0.095,0.043,0.862,0.4588,2012
1115,0.264,0.1,0.635,0.872,2012
1116,0.265,0.216,0.52,0.4767,2012
1117,0.108,0.0,0.892,0.1779,2012
1118,0.043,0.214,0.743,-0.7906,2012
1119,0.174,0.229,0.597,-0.4939,2012
1120,0.073,0.144,0.783,-0.6249,2012
1121,0.158,0.196,0.645,-0.3182,2012
1122,0.331,0.0,0.669,0.9501,2012
1123,0.0,0.099,0.901,-0.5106,2012
1124,0.101,0.319,0.58,-0.875,2012
1125,0.055,0.12,0.825,-0.7506,2012
1126,0.244,0.0,0.756,0.4404,2012
1127,0.155,0.0,0.845,0.5106,2012
1128,0.077,0.063,0.86,0.1531,2012
1129,0.381,0.042,0.577,0.9652,2012
1130,0.165,0.084,0.751,0.7591,2012
1131,0.155,0.0,0.845,0.8625,2012
1132,0.061,0.151,0.788,-0.4588,2012
1133,0.035,0.304,0.662,-0.9565,2012
1134,0.132,0.052,0.816,0.4767,2012
1135,0.226,0.196,0.579,0.25,2012
1136,0.075,0.122,0.803,-0.624,2012
1137,0.093,0.231,0.676,-0.9246,2012
1138,0.183,0.0,0.817,0.765,2012
1139,0.23,0.045,0.725,0.8934,2012
1140,0.265,0.057,0.678,0.9217,2012
1141,0.044,0.0,0.956,0.25,2012
1142,0.12,0.117,0.763,0.0258,2012
1143,0.219,0.157,0.624,0.7322,2012
1144,0.039,0.211,0.75,-0.8225,2012
1145,0.0,0.074,0.926,-0.5106,2012
1146,0.086,0.036,0.879,0.4019,2012
1147,0.176,0.167,0.657,0.128,2012
1148,0.345,0.173,0.482,0.6249,2012
1149,0.072,0.268,0.66,-0.9468,2012
1150,0.098,0.072,0.83,0.4215,2012
1151,0.285,0.0,0.715,0.9578,2012
1152,0.0,0.0,1.0,0.0,2012
1153,0.186,0.074,0.74,0.6808,2012
1154,0.234,0.253,0.513,-0.1531,2012
1155,0.0,0.0,1.0,0.0,2012
1156,0.094,0.161,0.745,-0.8126,2012
1157,0.169,0.0,0.831,0.743,2012
1158,0.22,0.197,0.583,-0.0258,2012
1159,0.123,0.07,0.808,0.2263,2012
1160,0.106,0.107,0.787,0.2263,2012
1161,0.141,0.132,0.727,0.1531,2012
1162,0.216,0.0,0.784,0.8836,2012
1163,0.204,0.0,0.796,0.8032,2012
1164,0.0,0.061,0.939,-0.25,2012
1165,0.119,0.072,0.809,0.5719,2012
1166,0.179,0.086,0.735,0.6355,2012
1167,0.151,0.078,0.771,0.8658,2012
1168,0.128,0.072,0.8,0.2732,2012
1169,0.091,0.042,0.867,0.3612,2012
1170,0.251,0.088,0.661,0.8126,2012
1171,0.04,0.158,0.802,-0.6597,2013
1172,0.099,0.046,0.856,0.4215,2013
1173,0.11,0.083,0.807,0.0772,2013
1174,0.0,0.568,0.432,-0.9839,2013
1175,0.0,0.0,1.0,0.0,2013
1176,0.163,0.071,0.766,0.5719,2013
1177,0.045,0.157,0.797,-0.7351,2013
1178,0.068,0.0,0.932,0.34,2013
1179,0.084,0.171,0.745,-0.6705,2013
1180,0.034,0.265,0.701,-0.872,2013
1181,0.0,0.0,1.0,0.0,2013
1182,0.057,0.0,0.943,0.2732,2013
1183,0.226,0.0,0.774,0.8481,2013
1184,0.061,0.08,0.86,0.0258,2013
1185,0.071,0.113,0.816,-0.25,2013
1186,0.121,0.067,0.813,0.296,2013
1187,0.0,0.1,0.9,-0.5859,2013
1188,0.06,0.075,0.865,-0.1779,2013
1189,0.118,0.165,0.717,-0.34,2013
1190,0.175,0.224,0.601,-0.5994,2013
1191,0.137,0.0,0.863,0.5574,2013
1192,0.212,0.204,0.584,-0.3612,2013
1193,0.074,0.0,0.926,0.4019,2013
1194,0.104,0.058,0.838,0.3612,2013
1195,0.037,0.128,0.835,-0.5423,2013
1196,0.136,0.0,0.864,0.7096,2013
1197,0.056,0.144,0.8,-0.6597,2013
1198,0.156,0.025,0.819,0.7096,2013
1199,0.0,0.056,0.944,-0.296,2013
1200,0.154,0.0,0.846,0.7184,2013
1201,0.129,0.157,0.714,-0.25,2013
1202,0.0,0.0,1.0,0.0,2013
1203,0.38,0.0,0.62,0.9584,2013
1204,0.133,0.039,0.829,0.5994,2013
1205,0.0,0.101,0.899,-0.4215,2013
1206,0.278,0.0,0.722,0.9246,2013
1207,0.0,0.0,1.0,0.0,2013
1208,0.0,0.263,0.737,-0.836,2013
1209,0.117,0.292,0.591,-0.9393,2013
1210,0.144,0.155,0.701,-0.1531,2013
1211,0.1,0.328,0.572,-0.9081,2013
1212,0.214,0.046,0.74,0.7506,2013
1213,0.0,0.191,0.809,-0.8316,2013
1214,0.173,0.0,0.827,0.765,2013
1215,0.098,0.0,0.902,0.4404,2013
1216,0.132,0.248,0.62,-0.802,2013
1217,0.066,0.0,0.934,0.34,2013
1218,0.263,0.062,0.675,0.9062,2013
1219,0.0,0.0,1.0,0.0,2013
1220,0.101,0.072,0.827,0.0258,2013
1221,0.497,0.0,0.503,0.9828,2013
1222,0.248,0.075,0.677,0.8481,2013
1223,0.068,0.068,0.863,-0.25,2013
1224,0.0,0.243,0.757,-0.8625,2013
1225,0.101,0.13,0.769,-0.128,2013
1226,0.108,0.055,0.837,0.3818,2013
1227,0.0,0.085,0.915,-0.4215,2013
1228,0.202,0.0,0.798,0.8225,2013
1229,0.111,0.213,0.676,-0.7906,2013
1230,0.091,0.051,0.859,0.1531,2013
1231,0.051,0.088,0.861,-0.25,2013
1232,0.27,0.045,0.685,0.8885,2013
1233,0.0,0.163,0.837,-0.4404,2013
1234,0.083,0.191,0.727,-0.7579,2013
1235,0.048,0.282,0.67,-0.9062,2013
1236,0.067,0.22,0.713,-0.7579,2013
1237,0.0,0.344,0.656,-0.9201,2013
1238,0.153,0.173,0.674,-0.2682,2013
1239,0.081,0.162,0.757,-0.6808,2013
1240,0.114,0.055,0.831,0.3612,2013
1241,0.159,0.0,0.841,0.6808,2013
1242,0.101,0.103,0.796,-0.0258,2013
1243,0.0,0.128,0.872,-0.5719,2013
1244,0.067,0.237,0.695,-0.7269,2013
1245,0.127,0.293,0.579,-0.765,2013
1246,0.035,0.26,0.705,-0.8519,2013
1247,0.219,0.132,0.649,0.3818,2013
1248,0.129,0.0,0.871,0.7351,2013
1249,0.172,0.092,0.736,0.5423,2013
1250,0.257,0.233,0.51,0.3612,2013
1251,0.0,0.437,0.563,-0.8779,2013
1252,0.08,0.0,0.92,0.4215,2013
1253,0.279,0.0,0.721,0.9062,2013
1254,0.0,0.154,0.846,-0.8555,2013
1255,0.178,0.083,0.739,0.7184,2013
1256,0.224,0.0,0.776,0.8316,2013
1257,0.172,0.0,0.828,0.7964,2013
1258,0.07,0.164,0.766,-0.5106,2013
1259,0.051,0.095,0.854,-0.2023,2013
1260,0.248,0.0,0.752,0.765,2013
1261,0.0,0.051,0.949,-0.2263,2013
1262,0.07,0.049,0.881,0.2023,2013
1263,0.0,0.068,0.932,-0.4019,2013
1264,0.038,0.045,0.917,-0.0772,2013
1265,0.114,0.0,0.886,0.4767,2013
1266,0.187,0.042,0.771,0.6705,2013
1267,0.0,0.061,0.939,-0.34,2013
1268,0.095,0.226,0.679,-0.8271,2013
1269,0.053,0.048,0.9,0.0516,2014
1270,0.088,0.233,0.68,-0.7964,2014
1271,0.149,0.0,0.851,0.6705,2014
1272,0.0,0.123,0.877,-0.5423,2014
1273,0.082,0.164,0.753,-0.7003,2014
1274,0.169,0.068,0.763,0.6249,2014
1275,0.125,0.097,0.778,0.0516,2014
1276,0.047,0.072,0.882,-0.2263,2014
1277,0.064,0.159,0.777,-0.601,2014
1278,0.261,0.0,0.739,0.9217,2014
1279,0.046,0.254,0.7,-0.8591,2014
1280,0.032,0.282,0.686,-0.9545,2014
1281,0.125,0.0,0.875,0.5719,2014
1282,0.038,0.277,0.686,-0.8779,2014
1283,0.032,0.247,0.721,-0.9325,2014
1284,0.053,0.148,0.799,-0.4939,2014
1285,0.048,0.326,0.626,-0.91,2014
1286,0.047,0.054,0.899,-0.0772,2014
1287,0.0,0.127,0.873,-0.5859,2014
1288,0.128,0.042,0.83,0.6597,2014
1289,0.042,0.238,0.72,-0.8316,2014
1290,0.0,0.209,0.791,-0.8271,2014
1291,0.051,0.0,0.949,0.2732,2014
1292,0.124,0.044,0.832,0.4767,2014
1293,0.051,0.0,0.949,0.2732,2014
1294,0.074,0.16,0.765,-0.5423,2014
1295,0.193,0.0,0.807,0.7964,2014
1296,0.078,0.0,0.922,0.34,2014
1297,0.068,0.117,0.816,-0.2732,2014
1298,0.046,0.092,0.862,-0.3612,2014
1299,0.077,0.117,0.806,-0.3182,2014
1300,0.229,0.054,0.717,0.7783,2014
1301,0.122,0.156,0.722,-0.3612,2014
1302,0.196,0.126,0.677,0.4767,2014
1303,0.133,0.149,0.718,-0.2263,2014
1304,0.24,0.0,0.76,0.8834,2014
1305,0.243,0.106,0.651,0.7906,2014
1306,0.111,0.109,0.78,0.0258,2014
1307,0.058,0.0,0.942,0.2732,2014
1308,0.244,0.0,0.756,0.9217,2014
1309,0.159,0.0,0.841,0.8176,2014
1310,0.213,0.041,0.746,0.7964,2014
1311,0.041,0.242,0.717,-0.886,2014
1312,0.054,0.183,0.763,-0.7506,2014
1313,0.126,0.116,0.758,0.3612,2014
1314,0.187,0.149,0.664,0.3226,2014
1315,0.147,0.065,0.788,0.5946,2014
1316,0.0,0.05,0.95,-0.2263,2014
1317,0.302,0.0,0.698,0.9393,2014
1318,0.111,0.099,0.79,0.128,2014
1319,0.0,0.243,0.757,-0.93,2014
1320,0.242,0.035,0.723,0.9062,2014
1321,0.073,0.137,0.79,-0.4767,2014
1322,0.233,0.085,0.682,0.7351,2014
1323,0.286,0.0,0.714,0.9153,2014
1324,0.068,0.0,0.932,0.2732,2014
1325,0.279,0.04,0.681,0.9136,2014
1326,0.0,0.057,0.943,-0.3182,2014
1327,0.087,0.143,0.769,-0.6369,2014
1328,0.089,0.127,0.784,-0.4215,2014
1329,0.0,0.055,0.945,-0.34,2014
1330,0.149,0.0,0.851,0.7003,2014
1331,0.21,0.155,0.636,0.4939,2014
1332,0.039,0.106,0.855,-0.5574,2014
1333,0.346,0.0,0.654,0.9246,2014
1334,0.047,0.194,0.759,-0.8225,2014
1335,0.138,0.163,0.699,-0.3612,2014
1336,0.126,0.038,0.835,0.5719,2014
1337,0.289,0.138,0.573,0.6486,2014
1338,0.034,0.264,0.703,-0.9371,2014
1339,0.228,0.035,0.738,0.8834,2014
1340,0.095,0.09,0.815,0.0516,2014
1341,0.29,0.045,0.665,0.91,2014
1342,0.066,0.0,0.934,0.4019,2014
1343,0.11,0.184,0.705,-0.5773,2014
1344,0.164,0.182,0.653,-0.2263,2014
1345,0.0,0.124,0.876,-0.7003,2014
1346,0.0,0.0,1.0,0.0,2014
1347,0.099,0.056,0.845,0.2732,2014
1348,0.0,0.362,0.638,-0.9538,2014
1349,0.093,0.105,0.802,0.1027,2014
1350,0.267,0.0,0.733,0.9393,2014
1351,0.031,0.165,0.804,-0.7579,2014
1352,0.049,0.2,0.751,-0.7506,2014
1353,0.112,0.224,0.664,-0.8126,2014
1354,0.055,0.378,0.567,-0.9413,2014
1355,0.08,0.0,0.92,0.34,2014
1356,0.0,0.07,0.93,-0.34,2014
1357,0.124,0.0,0.876,0.5859,2014
1358,0.132,0.072,0.796,0.34,2014
1359,0.0,0.053,0.947,-0.3182,2014
1360,0.211,0.049,0.74,0.8689,2014
1361,0.112,0.034,0.854,0.6249,2014
1362,0.107,0.099,0.795,0.0772,2014
1363,0.191,0.039,0.769,0.7964,2014
1364,0.157,0.081,0.762,0.4767,2014
1365,0.163,0.173,0.663,-0.1531,2014
1366,0.235,0.042,0.724,0.8316,2014
1367,0.108,0.066,0.826,0.3612,2014
1368,0.132,0.041,0.827,0.5423,2015
1369,0.0,0.0,1.0,0.0,2015
1370,0.166,0.0,0.834,0.7872,2015
1371,0.12,0.219,0.66,-0.6249,2015
1372,0.0,0.095,0.905,-0.5994,2015
1373,0.0,0.192,0.808,-0.8689,2015
1374,0.205,0.095,0.7,0.7269,2015
1375,0.0,0.186,0.814,-0.7506,2015
1376,0.181,0.0,0.819,0.8126,2015
1377,0.025,0.145,0.83,-0.7351,2015
1378,0.378,0.061,0.561,0.926,2015
1379,0.029,0.11,0.861,-0.6249,2015
1380,0.118,0.028,0.855,0.6369,2015
1381,0.138,0.0,0.862,0.7096,2015
1382,0.0,0.099,0.901,-0.6908,2015
1383,0.044,0.288,0.668,-0.9136,2015
1384,0.298,0.0,0.702,0.9246,2015
1385,0.072,0.281,0.647,-0.9231,2015
1386,0.165,0.0,0.835,0.7096,2015
1387,0.048,0.066,0.886,-0.1779,2015
1388,0.0,0.174,0.826,-0.7783,2015
1389,0.171,0.0,0.829,0.7184,2015
1390,0.0,0.0,1.0,0.0,2015
1391,0.205,0.0,0.795,0.8625,2015
1392,0.136,0.032,0.831,0.6705,2015
1393,0.101,0.228,0.671,-0.5859,2015
1394,0.0,0.0,1.0,0.0,2015
1395,0.041,0.372,0.587,-0.9694,2015
1396,0.124,0.339,0.537,-0.9325,2015
1397,0.055,0.162,0.783,-0.6249,2015
1398,0.04,0.177,0.783,-0.7783,2015
1399,0.0,0.364,0.636,-0.9682,2015
1400,0.0,0.242,0.758,-0.91,2015
1401,0.062,0.035,0.903,0.296,2015
1402,0.09,0.09,0.819,0.0,2015
1403,0.077,0.135,0.788,-0.5994,2015
1404,0.054,0.0,0.946,0.2732,2015
1405,0.145,0.075,0.779,0.4019,2015
1406,0.119,0.089,0.792,0.0516,2015
1407,0.061,0.144,0.795,-0.6597,2015
1408,0.0,0.063,0.937,-0.3182,2015
1409,0.0,0.0,1.0,0.0,2015
1410,0.0,0.0,1.0,0.0,2015
1411,0.049,0.275,0.676,-0.8934,2015
1412,0.037,0.145,0.819,-0.6369,2015
1413,0.229,0.0,0.771,0.8225,2015
1414,0.228,0.0,0.772,0.872,2015
1415,0.093,0.263,0.644,-0.8591,2015
1416,0.0,0.0,1.0,0.0,2015
1417,0.129,0.202,0.669,-0.765,2015
1418,0.042,0.49,0.468,-0.9816,2015
1419,0.212,0.0,0.788,0.886,2015
1420,0.14,0.099,0.761,0.3182,2015
1421,0.105,0.053,0.842,0.3612,2015
1422,0.194,0.0,0.806,0.836,2015
1423,0.0,0.354,0.646,-0.9559,2015
1424,0.115,0.248,0.637,-0.8126,2015
1425,0.0,0.0,1.0,0.0,2015
1426,0.064,0.042,0.894,0.296,2015
1427,0.23,0.03,0.74,0.8591,2015
1428,0.0,0.106,0.894,-0.7096,2015
1429,0.249,0.055,0.696,0.8625,2015
1430,0.0,0.158,0.842,-0.6908,2015
1431,0.271,0.125,0.604,0.7579,2015
1432,0.192,0.0,0.808,0.8402,2015
1433,0.224,0.0,0.776,0.8316,2015
1434,0.071,0.163,0.765,-0.5574,2015
1435,0.0,0.206,0.794,-0.8316,2015
1436,0.154,0.204,0.642,-0.3818,2015
1437,0.0,0.247,0.753,-0.9153,2015
1438,0.041,0.373,0.585,-0.9638,2015
1439,0.075,0.084,0.841,-0.0772,2015
1440,0.272,0.149,0.579,0.836,2015
1441,0.045,0.232,0.723,-0.8689,2015
1442,0.0,0.159,0.841,-0.6808,2015
1443,0.279,0.064,0.658,0.8316,2015
1444,0.025,0.322,0.654,-0.9451,2015
1445,0.0,0.383,0.617,-0.9545,2015
1446,0.127,0.079,0.793,0.25,2015
1447,0.0,0.454,0.546,-0.9839,2015
1448,0.053,0.253,0.694,-0.9201,2015
1449,0.0,0.0,1.0,0.0,2015
1450,0.052,0.277,0.671,-0.9403,2015
1451,0.0,0.049,0.951,-0.25,2015
1452,0.055,0.048,0.897,0.1027,2015
1453,0.283,0.06,0.657,0.9217,2015
1454,0.085,0.111,0.805,-0.3182,2015
1455,0.129,0.427,0.444,-0.959,2015
1456,0.0,0.186,0.814,-0.8271,2015
1457,0.137,0.043,0.82,0.5859,2015
1458,0.0,0.062,0.938,-0.3182,2015
1459,0.085,0.264,0.651,-0.8934,2015
1460,0.085,0.14,0.775,-0.0516,2015
1461,0.035,0.0,0.965,0.2023,2015
1462,0.0,0.0,1.0,0.0,2015
1463,0.0,0.0,1.0,0.0,2015
1464,0.066,0.0,0.934,0.34,2015
1465,0.067,0.22,0.713,-0.8271,2015
