Year,N_term,N_tfidf,S_term,S_tfidf
2001,dam,0.6931363924898996,woh,0.8013551066721936
2001,diesel,0.62105020767095,ur,0.6916616342080061
2001,airline,0.5904475217376837,music,0.6893529047352651
2001,twa,0.5750464885842129,clean,0.5882628552028925
2001,code,0.5008469416701209,fresh,0.42782753105664906
2001,student,0.4851954747429297,awhile,0.40735531521507107
2001,asian,0.4851954747429297,wide,0.3985520771729365
2001,influx,0.4851954747429297,here,0.3950112147540083
2001,cdc,0.4851954747429297,fallin,0.3950112147540083
2001,torricelli,0.47336143877358994,bad,0.37787863329809224
2001,anthrax,0.4697430661939559,angel,0.36682448485698865
2001,violin,0.46209092832659965,jelly,0.3446948546436257
2001,columbia,0.4485288632045514,wally,0.3256791542795007
2001,annual,0.4436072911935357,freak,0.3182630715394657
2001,meeting,0.4436072911935357,play,0.31658904501928137
2001,budget,0.4308671104572287,space,0.3012677118787552
2001,area,0.4114085957914183,promise,0.28817206352801344
2001,organ,0.40858566294141446,izzo,0.287017041397226
2001,transplant,0.40858566294141446,stutter,0.28492612211764534
2001,milosevic,0.3960779385656569,cream,0.2836669588419477
2001,ban,0.3888312948028649,bleed,0.2772545569959598
2001,engine,0.38815637979434375,peach,0.27626788597462193
2001,turkey,0.38815637979434375,izza,0.27334956323545334
2001,purchase,0.3862331877594748,oochie,0.2725070474583578
2001,israel,0.37579445295516467,dance,0.269095615126597
2001,economist,0.3756352062525907,ready,0.263180604499151
2001,hevesi,0.3756352062525907,irresistible,0.26266221189090927
2001,dominican,0.36967274266127975,ei,0.2560398283603851
2001,divorce,0.36967274266127975,stranger,0.255927283380886
2001,dreamcast,0.36389660605719726,ever,0.2552128758412773
2001,duty,0.36389660605719726,wonder,0.2552128758412773
2001,gas,0.34760986898352736,survivor,0.24259773737146484
2001,california,0.34161606614823126,remind,0.24045085473985894
2001,widow,0.3404880524511787,arm,0.240089967540994
2001,woman,0.3391932571684566,hope,0.23924391458285926
2001,green,0.3363966474034135,chorus,0.23524629078445075
2001,fund,0.3294747851188091,follow,0.23307823226745453
2001,food,0.32346364982861975,moment,0.2327311399549994
2001,surplus,0.32346364982861975,hero,0.23058794839267943
2001,nurse,0.32346364982861975,beautiful,0.2279408976941163
2001,stamp,0.32346364982861975,he,0.2243454832790898
2001,nevada,0.32346364982861975,gon,0.22390760664807668
2001,eligible,0.32346364982861975,everything,0.22356649009035254
2001,energy,0.3223122897901394,use,0.21960715028249092
2001,bin,0.31864252478158417,brings,0.21954307514749094
2001,chavez,0.31686235085252545,bang,0.21838469982078712
2001,burn,0.3160089718032067,men,0.21725616811470458
2001,officer,0.3147213890224409,promise,0.2154602132810578
2001,specie,0.310525103835475,song,0.21493082700764
2001,telephone,0.30855644684356376,shut,0.21473968740295124
2001,university,0.30855644684356376,fiesta,0.2125351935473352
2001,oil,0.306714590279583,soul,0.21161956776802648
2001,red,0.3064392472060608,timeand,0.20794091774696985
2001,genome,0.3044363763092892,bird,0.20447639351972197
2001,program,0.3036587254650945,minute,0.20141477429904558
2001,nato,0.29858183061103366,tomorrow,0.20137368109790477
2001,movement,0.2929482111655424,dj,0.20107131821337335
2001,smallpox,0.2911172848457578,darling,0.1950534571830873
2001,arafat,0.2911172848457578,open,0.19210956671723528
2001,pipeline,0.2911172848457578,hand,0.1901795614788029
2001,black,0.28985605612577203,nobody,0.18859594580643088
2001,deal,0.28985605612577203,soon,0.18513386810613824
2001,university,0.28985605612577203,oops,0.1832497930359563
2001,telecommunication,0.28752324429210646,ever,0.18309664814341223
2001,council,0.28752324429210646,hang,0.18213645524259467
2001,hanssen,0.28752324429210646,everywhere,0.18104680676225382
2001,putin,0.28752324429210646,gonna,0.18077802048469094
2001,att,0.28752324429210646,turn,0.17921127054179709
2001,embryo,0.2822955489413409,ride,0.17872284038947397
2001,police,0.2818458397163735,id,0.17649857073283884
2001,florida,0.2818458397163735,wish,0.17646687404269867
2001,reality,0.2772545569959598,tell,0.17600606318596435
2001,intelligence,0.2748635014985769,handle,0.17447599601489788
2001,donor,0.2744288439343637,grown,0.173934469329708
2001,east,0.27020479808334674,turn,0.1737331967697771
2001,space,0.26739220691040566,party,0.1697178346820857
2001,pilot,0.2646520771325071,since,0.16894896152471267
2001,fidelity,0.2646520771325071,bad,0.16757613400297192
2001,oregon,0.2646520771325071,thug,0.16728063263621545
2001,stock,0.2607074017376455,butterfly,0.16669292383806172
2001,potter,0.25314546508326763,really,0.16572377130891475
2001,addition,0.25042347083506045,bootylicious,0.16485406091651664
2001,debate,0.25042347083506045,cost,0.16330664985803298
2001,star,0.25042347083506045,already,0.16250811732994613
2001,stiglitz,0.25042347083506045,fun,0.16159073279663194
2001,hire,0.25042347083506045,wanna,0.15992253622740513
2001,construction,0.24829276355966237,ching,0.15973513571783693
2001,shortage,0.24710608883910684,lonely,0.15852041061693048
2001,electricity,0.24259773737146484,someone,0.15812224484518908
2001,community,0.24259773737146484,breath,0.157842406801163
2001,fremont,0.24259773737146484,romeo,0.15670909743249903
2001,transform,0.24259773737146484,without,0.1566827181960203
2001,suburb,0.24259773737146484,would,0.15531116142887408
2001,sega,0.24259773737146484,light,0.1544590551648541
2001,projection,0.24259773737146484,funk,0.1517929976849389
2001,societal,0.24259773737146484,gushi,0.1517929976849389
2001,governor,0.2425185132443214,road,0.14908668799689256
2001,taliban,0.23917114584308807,austin,0.14702893174028173
2001,investigation,0.2391312463037619,spiritual,0.14592345105050517
2001,laden,0.23898189358618813,powerful,0.14592345105050517
2002,moulinex,0.4590556081852523,beautiful,0.4631294520227401
2002,pension,0.4241274640842005,hey,0.444965083779153
2002,immigration,0.41806850031156906,yet,0.4338533922831542
2002,cellphone,0.38254634015437694,bah,0.4237436383248483
2002,surveillance,0.36805342752278736,stroke,0.4041328836345168
2002,test,0.3642195376527584,le,0.3968107799567436
2002,korea,0.3586161601504082,dem,0.3963294607567022
2002,capture,0.35472478814314956,morning,0.3757080922864428
2002,helicopter,0.35472478814314956,everything,0.3483814523244869
2002,weapon,0.34717231833726625,anything,0.33767494073218174
2002,pope,0.3442917061389393,makin,0.3333844663911376
2002,intelligence,0.34122079288005597,girlfriend,0.32357144152419104
2002,prescription,0.3393019712673604,waste,0.32319105644752366
2002,elderly,0.3393019712673604,underneath,0.3125479372416915
2002,monthly,0.3393019712673604,boat,0.3092313435475507
2002,fee,0.3393019712673604,boy,0.3091255810598351
2002,pfizer,0.3393019712673604,lo,0.29631420012427795
2002,school,0.3317424375222766,lover,0.29071885431623323
2002,worldcom,0.3185283811897669,bahda,0.28249575888323225
2002,cia,0.31786432376968005,wherever,0.2797206049173184
2002,nablus,0.30603707212350156,moment,0.27819606833423627
2002,victory,0.30603707212350156,party,0.27018538285052063
2002,budget,0.30082738959512806,escape,0.2634425239147491
2002,nation,0.30036004081141443,jump,0.26113036799191597
2002,warn,0.30015174381343424,hide,0.25896688469387175
2002,powell,0.2975751116141685,ti,0.25744974314719304
2002,russia,0.29711347120506476,position,0.255915594660042
2002,law,0.29349580265305464,woman,0.24867062088279399
2002,north,0.28752414163143947,live,0.24818083084871365
2002,li,0.2855101953347301,huh,0.24502378650596962
2002,acquisition,0.2854291886911412,baby,0.24298377995208728
2002,virus,0.2837798305145196,woman,0.2377223761825971
2002,cruise,0.2837798305145196,people,0.23539667320589225
2002,silva,0.2837798305145196,follow,0.23468242305069353
2002,game,0.2835006130918768,work,0.22925347571405444
2002,tyco,0.27902830339258256,middle,0.22707511723536658
2002,share,0.27902830339258256,drama,0.22514978546593858
2002,disappearance,0.278712333541046,moonlight,0.21948596266357379
2002,sicily,0.278712333541046,gotta,0.2178701593537774
2002,carter,0.278712333541046,butterfly,0.21677625942081358
2002,album,0.278712333541046,without,0.21658373432862277
2002,service,0.27423588717384156,ohh,0.21583380009052347
2002,sailor,0.27382264347892243,bitch,0.214266015057842
2002,mammography,0.27382264347892243,soak,0.21091744159862946
2002,karzai,0.27223065136567287,hella,0.21091744159862946
2002,study,0.27223065136567287,run,0.2063351088710187
2002,lotts,0.26910156341894104,six,0.2009745290473934
2002,seek,0.26740212408455827,lai,0.20010116254228946
2002,caraballo,0.26604359110736214,tire,0.19795501443578395
2002,port,0.26604359110736214,gangsta,0.19275630146024694
2002,crash,0.26604359110736214,remind,0.19100151720325592
2002,school,0.26539395001782135,dancin,0.18828624832345428
2002,homeless,0.26194493787875095,theyre,0.1827968533286014
2002,valley,0.2601315113049763,rock,0.1816343769053665
2002,product,0.2601315113049763,babe,0.18086196005848612
2002,commerce,0.2601315113049763,difference,0.18017046175778817
2002,edison,0.2601315113049763,pain,0.17988702691479122
2002,electronic,0.2601315113049763,fight,0.17852449690856784
2002,mountain,0.2601315113049763,real,0.17713325247333053
2002,board,0.2596245163217817,hot,0.1760263432953514
2002,program,0.2596245163217817,head,0.1748459581783
2002,analyst,0.25900056010862815,he,0.17469988253158014
2002,iraq,0.2547317020268535,gone,0.17395388696310463
2002,knew,0.2544764784505203,foot,0.17391642985204128
2002,package,0.2544764784505203,everyday,0.17160773307810948
2002,factory,0.25174017223062223,inside,0.1712964658687308
2002,immigrant,0.24975054010474856,okay,0.1712266623590448
2002,italy,0.24975054010474856,lifetime,0.17119758051337616
2002,maine,0.24906208529199858,funny,0.1668666893396747
2002,school,0.24880682814170746,pill,0.1666922331955688
2002,cost,0.24880682814170746,hero,0.16653626025187335
2002,arab,0.24683272992420766,rock,0.16588516075075602
2002,iraq,0.24643811172830482,turn,0.16572168772638185
2002,drop,0.2438732918484153,hello,0.16540337572240718
2002,welfare,0.2438732918484153,pass,0.16456514617246792
2002,hostage,0.2438732918484153,youdays,0.16258219456561018
2002,smoke,0.2438732918484153,long,0.1623569611655643
2002,court,0.24372913777146854,light,0.16157221234779848
2002,enron,0.24372913777146854,edge,0.1614609380513646
2002,north,0.24166899835401165,brings,0.16092712625996353
2002,korea,0.24113845251492966,careless,0.16090608946699567
2002,remark,0.24113845251492966,middle,0.16055816370177436
2002,lay,0.2388962858923252,ahh,0.16035504121539634
2002,ebbers,0.2388962858923252,breath,0.15885274698092572
2002,bloomberg,0.2376907769640518,stand,0.1578570268255346
2002,nato,0.23705136009942238,middle,0.15737879412352138
2002,ship,0.23336912647379632,yuh,0.15538829215120267
2002,ship,0.23336912647379632,busta,0.1550863541166393
2002,industry,0.23310050409776534,bad,0.15467965658461358
2002,industrial,0.23310050409776534,watch,0.15159314121136067
2002,innovation,0.23310050409776534,frustrate,0.15136396369984761
2002,development,0.23310050409776534,clothes,0.14866305050261927
2002,california,0.23310050409776534,promise,0.14841319663622832
2002,offer,0.23036606096341536,territory,0.14780199505964564
2002,member,0.23036606096341536,starlight,0.14632397510904918
2002,france,0.22952780409262616,alright,0.14613898887289029
2002,french,0.22952780409262616,dancerie,0.14586813718036054
2002,brandt,0.22952780409262616,comin,0.14530149869200631
2002,household,0.22952780409262616,brings,0.14418587882336
2002,visit,0.22952780409262616,others,0.14418587882336
2003,dean,0.5545091139919196,thoia,1.6294265141099458
2003,frist,0.5545091139919196,wo,0.6528084569268509
2003,surgery,0.5347844138208113,thoing,0.5293041542650142
2003,steinway,0.5107320786767681,suga,0.436997248775089
2003,iii,0.49551878271618344,angel,0.40022090462284793
2003,mermaid,0.4851954747429297,underneath,0.3780743959035816
2003,turkey,0.4827914846993435,send,0.3585397649986619
2003,museum,0.47529352627878824,happy,0.34873306752631944
2003,spam,0.4566545644639338,river,0.3401370338404043
2003,berlusconi,0.41962851869658785,intuition,0.33544378500745753
2003,migrant,0.41962851869658785,magic,0.32454546805547135
2003,division,0.4070319086021479,dem,0.31134628813509685
2003,ferry,0.40154108254587284,jean,0.30790101804748304
2003,powell,0.395369742142571,skee,0.3074505978569059
2003,korea,0.38019829420073303,bump,0.29442365952156685
2003,synagogue,0.3756352062525907,drift,0.2819012814148865
2003,internet,0.37510783733923436,wake,0.2779943499439952
2003,high,0.37510783733923436,forgotten,0.2719566992189669
2003,iranian,0.3724391453394935,ti,0.2561031784210103
2003,school,0.369669546196081,give,0.2551116514872233
2003,polio,0.36107570213427326,thurr,0.24890583211166153
2003,yoga,0.36107570213427326,room,0.24280712182132735
2003,death,0.3594270383114282,aw,0.24119868460081487
2003,tate,0.35286943617667615,headstrong,0.23104546416329982
2003,north,0.34873306752631944,superman,0.2309567710868456
2003,constitution,0.3424909233479504,bit,0.22857429955635547
2003,school,0.34248796191695746,miss,0.2276415582196552
2003,joe,0.3419113465411744,move,0.22556838642134167
2003,gi,0.3419113465411744,angel,0.20849576245799642
2003,bomb,0.3363966474034135,crazy,0.20699508467873318
2003,europe,0.33424025863800705,nineteen,0.20564576412945365
2003,spit,0.32346364982861975,mmm,0.20548366639420335
2003,lunch,0.32186098979956235,babe,0.20386618677352375
2003,explosion,0.3188416617383492,give,0.20169764945708596
2003,art,0.31686235085252545,shirt,0.20035628824792448
2003,alive,0.29858183061103366,save,0.19716006220860519
2003,family,0.29659689464032485,name,0.1949664429291031
2003,republican,0.29111476762941385,beautiful,0.19293951041820695
2003,hussein,0.2854309240282387,shoe,0.19276916766220248
2003,tax,0.28512241019896944,wonderland,0.18781760312629536
2003,specie,0.28401686326415393,igual,0.18053785106713663
2003,iran,0.2837631583538998,problem,0.1776216776654101
2003,fireproof,0.28127273898140853,big,0.1743150737279351
2003,party,0.2782951509275328,forever,0.17286596118344233
2003,strategy,0.2779943499439952,body,0.17171121078846263
2003,de,0.2772545569959598,mess,0.17141367991913253
2003,kock,0.2772545569959598,sing,0.1640815858571617
2003,anguiano,0.27080677660070496,fly,0.16023622921259306
2003,bikram,0.27080677660070496,thinkin,0.16005997836066266
2003,simpson,0.27080677660070496,room,0.15700381894500137
2003,technique,0.27080677660070496,forever,0.15365863216305986
2003,record,0.2676940550305819,cry,0.1526054628123806
2003,sars,0.26570138478195765,landslide,0.1522181881546446
2003,economic,0.26570138478195765,lovely,0.15122975836143263
2003,priest,0.2646520771325071,ima,0.15113472564501187
2003,russian,0.2631568676571822,mi,0.1508614259603012
2003,february,0.2587709198628958,undress,0.15044820922261384
2003,worker,0.2585202662743372,porch,0.1502395264735677
2003,penalty,0.25452877363563525,heart,0.14979376608774841
2003,jiang,0.25314546508326763,unwell,0.14929091530551683
2003,tension,0.25314546508326763,free,0.14909194186940528
2003,zemin,0.25314546508326763,que,0.14820575809375197
2003,credit,0.25171710137238096,dance,0.14785918001015178
2003,celtic,0.25042347083506045,come,0.14775463366429997
2003,net,0.25042347083506045,stone,0.1464741055827712
2003,istanbul,0.25042347083506045,neva,0.14626182427033244
2003,boston,0.25042347083506045,matter,0.14591634127124184
2003,base,0.24710608883910684,uh,0.1453288857789241
2003,economy,0.24526281672180708,try,0.14507701396908593
2003,prior,0.24259773737146484,hate,0.1442619609847198
2003,park,0.24259773737146484,wonderin,0.14309912619146314
2003,kentucky,0.24259773737146484,blue,0.14209734213232808
2003,super,0.24259773737146484,place,0.14155081389335758
2003,bowl,0.24259773737146484,sand,0.14092291985818675
2003,pledge,0.2404275458975094,hell,0.14064004063242377
2003,kharrazi,0.23764676313939412,learn,0.1405775844624636
2003,prewitt,0.23524629078445075,jenny,0.13953333914175756
2003,tax,0.23410050521599596,without,0.1393202885810255
2003,hole,0.23289382787660623,gonna,0.13883119896214466
2003,field,0.23289382787660623,direction,0.1377710884054595
2003,heroin,0.23289382787660623,real,0.13766421207231797
2003,poppy,0.23289382787660623,hurr,0.134177514002983
2003,life,0.2318848449006176,frontin,0.13346860258814616
2003,job,0.2317399126556849,bring,0.1328693472045955
2003,loss,0.2317399126556849,would,0.13226502355944397
2003,software,0.2283272822319669,plenty,0.13213834205764893
2003,union,0.2283272822319669,home,0.1317391514615711
2003,couple,0.2283272822319669,wing,0.13047273270398108
2003,gay,0.2283272822319669,drench,0.1293854599314479
2003,china,0.22564471696826985,older,0.1288627857572583
2003,building,0.2250181911851268,gniht,0.12805158921050516
2003,euro,0.22393637295827526,nwod,0.12805158921050516
2003,soldier,0.2237941936656062,esrever,0.12805158921050516
2003,iraqi,0.22334465179478358,pilf,0.12805158921050516
2003,industry,0.2198908011988615,ym,0.12805158921050516
2003,military,0.21768157057050122,tup,0.12805158921050516
2003,medicaid,0.21725616811470458,dna,0.12805158921050516
2003,suicide,0.21725616811470458,du,0.12726438681781763
2003,size,0.21564243321907983,low,0.12597925701833948
2003,evidence,0.21564243321907983,lord,0.12565188639934943
2004,reagan,0.5447429984378848,flip,0.6633967557510823
2004,congo,0.5368027997393967,motion,0.4840572510087844
2004,devil,0.5076287345361686,reason,0.46590105391889813
2004,hockey,0.454741981304669,sun,0.4591277895009202
2004,hurricane,0.4525372439663519,sorry,0.44310623273429356
2004,team,0.43903356515401515,suga,0.43815195409192487
2004,china,0.42073732952547316,secret,0.39673727549819626
2004,parmalat,0.40966529453796063,piece,0.3735676633635832
2004,turkey,0.40660809084737887,whoa,0.3729546595282771
2004,atkins,0.4006285600996233,heaven,0.36976494439420055
2004,profit,0.38918202981106265,fella,0.3537396890865708
2004,draft,0.37193873459891647,daddy,0.33608117760671996
2004,shot,0.37064955220101203,skee,0.3082629939097526
2004,fund,0.34894615827825615,become,0.3067992567202167
2004,refugee,0.34593958205427794,slow,0.2969829479271583
2004,bantu,0.34593958205427794,southside,0.29156959888125217
2004,diet,0.34339590865682,live,0.2889491356064917
2004,autism,0.34339590865682,lean,0.2863190252659027
2004,brylin,0.3384191563574458,sprung,0.28283577747897
2004,ban,0.3288862223755459,deepest,0.27579828884248536
2004,parliament,0.3243183581758855,meant,0.2720677659397173
2004,ukraine,0.3243183581758855,known,0.2720089455668717
2004,game,0.3243183581758855,american,0.27198515666685874
2004,scrap,0.31555299714410484,tipsy,0.2712480813834679
2004,abroad,0.31385647565408276,breath,0.2664290716699016
2004,vote,0.313190742123842,lord,0.26411781742442897
2004,ginsberg,0.311281713393077,lock,0.2523236808285607
2004,shiite,0.3099509964829658,whenremember,0.24323876863191415
2004,hockey,0.30989823911133,habit,0.24323876863191415
2004,suit,0.3072489709034705,far,0.23991430269229622
2004,cole,0.3072489709034705,fifteen,0.23990673070544957
2004,advertise,0.3031613208697793,lose,0.2390838482112466
2004,juvenile,0.2993707921623559,crowd,0.22893060577121332
2004,mosque,0.291886522358297,toxic,0.22675480910585122
2004,hussein,0.2907884652318801,remember,0.22385089700009558
2004,bin,0.2905295991668718,shoulder,0.22366783322474865
2004,bin,0.2846004236736704,yea,0.2213558850795214
2004,dam,0.2830414762262274,undertow,0.2179419366941951
2004,price,0.2800498415281385,runnin,0.2178971993751539
2004,ayatollah,0.277987164150759,body,0.21621223878392368
2004,egyptian,0.277987164150759,goodbye,0.21189853864736335
2004,ruin,0.277987164150759,pop,0.2116521489553743
2004,captor,0.277987164150759,forget,0.21068319717656056
2004,iowa,0.26655609312922346,people,0.21000608288825717
2004,florida,0.26365451852728233,gettin,0.20792572899999004
2004,teeth,0.2594546865407084,everytime,0.20636600758391493
2004,student,0.25795750947989365,hah,0.20381768803091319
2004,google,0.25520133102364767,sort,0.20179808953166212
2004,power,0.2539280008584106,trade,0.20179808953166212
2004,veteran,0.24902537071446157,milkshake,0.2013010499022738
2004,case,0.24645953024492798,onto,0.20036524080473922
2004,student,0.24605177827312935,taste,0.1984104579676198
2004,iraqi,0.24485068135867094,somewhere,0.19785606912684628
2004,panther,0.24323876863191415,hey,0.1923826782103843
2004,ronald,0.24323876863191415,yeah,0.1906494914283966
2004,woman,0.24323876863191415,goody,0.1902017438926246
2004,resident,0.2432340830234276,hot,0.18862860516846489
2004,laden,0.24210799930572655,jesus,0.1872353408025731
2004,dean,0.24140929189061747,numb,0.18680737430931008
2004,leverage,0.2358678968551895,flag,0.1834923784211822
2004,pope,0.2358678968551895,fire,0.183323886399721
2004,giuliani,0.2358678968551895,woo,0.18278132100289607
2004,incentive,0.2335092178866376,teach,0.1803287167242653
2004,package,0.2335092178866376,brings,0.1789342665797989
2004,machine,0.2335092178866376,caught,0.17876531260432107
2004,edward,0.23276733412020972,name,0.1774840774317335
2004,sox,0.23242367933349747,boo,0.1759371553076839
2004,suicide,0.22893060577121332,fly,0.17384609510617316
2004,disgust,0.22893060577121332,held,0.1710074463354294
2004,kurdish,0.22893060577121332,surrender,0.17069387272415026
2004,fat,0.22893060577121332,life,0.17062022814700276
2004,saudi,0.2284766512536201,hug,0.16988104475879717
2004,college,0.22492614129048144,happy,0.1692922930399146
2004,hit,0.22316324075934987,cut,0.16921012686621398
2004,tauzin,0.22238973132060721,white,0.16835121671319375
2004,web,0.21907513799549153,breakaway,0.1681650746097184
2004,study,0.2164021502717434,dirt,0.16544860952848353
2004,mate,0.21621223878392368,roll,0.16490763975045028
2004,airline,0.21621223878392368,lost,0.16470800721376994
2004,laden,0.21345031775525278,caught,0.16430635349661865
2004,player,0.21324487450337876,everybody,0.15923598039603673
2004,shrine,0.21129425393954318,letter,0.15656748325732406
2004,exercise,0.21129425393954318,let,0.1564432138492969
2004,visit,0.21129425393954318,move,0.1554942738862988
2004,metal,0.21036866476273658,went,0.1547745056879362
2004,web,0.20949060070818876,thing,0.15438806679090444
2004,foreigner,0.20849037311306926,guess,0.15404792911834533
2004,putin,0.20849037311306926,burn,0.15298883070233382
2004,september,0.2083466312854151,uh,0.1526011478795352
2004,oil,0.20507971705896838,everybody,0.15215882571176842
2004,data,0.20507971705896838,salt,0.15158066043488966
2004,sox,0.20507971705896838,ride,0.14963097194141
2004,prisoner,0.20507971705896838,first,0.148823208346009
2004,clue,0.20483264726898032,start,0.14735614963255717
2004,deadlock,0.20483264726898032,theyre,0.14706543069198535
2004,nuclear,0.20483264726898032,yard,0.14706543069198535
2004,pakistan,0.20483264726898032,sink,0.14602534827235444
2004,pachachi,0.20483264726898032,water,0.14602534827235444
2004,cullens,0.2013010499022738,shake,0.14593237760080094
2004,nurse,0.2013010499022738,goooh,0.1441414925226158
2005,firefighter,0.5447429984378848,september,0.4603228309593214
2005,robert,0.4628601547478956,beverly,0.4429714160451119
2005,game,0.4127688194965816,hoe,0.43292401137508735
2005,video,0.4127688194965816,hump,0.4310939407137925
2005,medicaid,0.4127688194965816,lonely,0.425654408002461
2005,luck,0.38918202981106265,cha,0.4185179779972854
2005,hastert,0.3796897851815245,shake,0.4135809620078842
2005,lockheed,0.35380184528278424,best,0.40036707428374635
2005,contract,0.35380184528278424,hill,0.3900820875061807
2005,presidential,0.35380184528278424,beyum,0.37662777078489934
2005,rehnquist,0.34593958205427794,daughter,0.3735380560716924
2005,ebbers,0.335501749837123,yall,0.3472640354962379
2005,cardinal,0.3331951164115293,wake,0.31214656586847145
2005,mechanic,0.33121874877537244,walk,0.3105947047188574
2005,harrison,0.33121874877537244,breath,0.3051042050586804
2005,northwest,0.33121874877537244,bring,0.2975067013395072
2005,hotel,0.32981527950090056,hollaback,0.2889124238772081
2005,lebanon,0.32890143301910024,sir,0.2765760617946638
2005,blair,0.32890143301910024,lose,0.2718353456903725
2005,ice,0.3243183581758855,caught,0.2714184458642356
2005,barber,0.3243183581758855,kno,0.27049307508639797
2005,haircut,0.3243183581758855,grind,0.26983969105575845
2005,denver,0.31769961617229603,girlfriend,0.26066207028055793
2005,corruption,0.3169413809093148,shit,0.25899934596988755
2005,build,0.3169413809093148,lie,0.25578423287754176
2005,minivan,0.3113456238488501,truth,0.2491593999033231
2005,autism,0.2993707921623559,di,0.24841406158152932
2005,hospital,0.29671108000020957,em,0.24376399014419095
2005,syrian,0.2937222866498586,mississippi,0.2396869193126693
2005,chriss,0.2882829850452316,que,0.23666474785807864
2005,education,0.28559581406702517,mother,0.2284766512536201
2005,pope,0.2822358633132954,hah,0.22752180204339045
2005,fat,0.277987164150759,bit,0.2262654532788631
2005,woman,0.27679344802199735,yes,0.2242296633232768
2005,food,0.27679344802199735,thing,0.22290746879518303
2005,lowsugar,0.27152234637981115,someone,0.21992144413460485
2005,sugar,0.27152234637981115,lonely,0.21826789944186348
2005,britain,0.27152234637981115,mr,0.21154836407309643
2005,market,0.26929156424645495,lil,0.2087728225830567
2005,lifer,0.26840139986969835,listen,0.20315075164789753
2005,pope,0.26655609312922346,people,0.19950796258854667
2005,catholic,0.26655609312922346,ahah,0.19321093678563395
2005,america,0.2653513839620881,cool,0.18950340486780576
2005,latin,0.2653513839620881,bye,0.18831388539244967
2005,inauguration,0.2594546865407084,boo,0.1862138672961678
2005,design,0.2594546865407084,thanks,0.18532477610050602
2005,intelligent,0.2594546865407084,dj,0.1851048185639594
2005,poll,0.2593518743960012,whatchu,0.1848357925224044
2005,drug,0.25726915876444234,slow,0.18319953738101702
2005,orphan,0.25520133102364767,mr,0.17960759404951512
2005,orleans,0.2538143672680843,since,0.17875402643508206
2005,cia,0.2515810317174693,sha,0.17740491387398868
2005,strike,0.24841406158152932,de,0.17667340489877345
2005,guest,0.24841406158152932,didits,0.17426061036316237
2005,airline,0.24841406158152932,heaven,0.17357140947949434
2005,vote,0.24796079718637265,cater,0.17323504049701674
2005,north,0.24605177827312935,wish,0.17064541201319822
2005,nuclear,0.24605177827312935,pussy,0.1702617632009844
2005,brooklyn,0.24323876863191415,maybe,0.1694558604728034
2005,bronx,0.24323876863191415,ordinary,0.1692095781787229
2005,park,0.23693874944819862,breakaway,0.1681650746097184
2005,reservation,0.2335092178866376,forever,0.16679229849045543
2005,gm,0.2335092178866376,windmill,0.16679229849045543
2005,sunni,0.23337486794011544,give,0.1666349740750638
2005,hezbollah,0.2323474804842165,thattha,0.1665759660669918
2005,passenger,0.22893060577121332,waste,0.1664049598725788
2005,inconclusive,0.22893060577121332,cum,0.16215605534895172
2005,arm,0.22888688971049784,nothing,0.16202750612386482
2005,social,0.22541890653306604,beggin,0.16152997019316426
2005,pope,0.225258670250048,already,0.15926186018751193
2005,abortion,0.225258670250048,livin,0.15896305744794811
2005,vaccine,0.2245280941217669,load,0.15884980808614801
2005,thimerosal,0.2245280941217669,complex,0.15884980808614801
2005,bridge,0.2245280941217669,pon,0.1563800481003743
2005,dean,0.22029171498739394,true,0.1551133660168513
2005,advise,0.22029171498739394,cryin,0.1538097877942263
2005,rome,0.2178971993751539,slow,0.15367657271728694
2005,immigrant,0.2178971993751539,beautiful,0.15182180297501663
2005,author,0.2177216755782784,nononono,0.15097578742670534
2005,picture,0.21621223878392368,storm,0.15084574798878397
2005,drug,0.21486215457250132,trippin,0.14958363802929767
2005,survivor,0.21324487450337876,spendin,0.14763106696387762
2005,college,0.21253782615974798,slow,0.14735614963255717
2005,shuttle,0.21228110716967052,hot,0.1461539432835736
2005,sport,0.21129425393954318,inside,0.1454974633773924
2005,lawsuit,0.20849037311306926,bird,0.14539423261594006
2005,credit,0.20756374923256676,yellin,0.14514947498780892
2005,sentence,0.2052089356025153,gotta,0.1444033685939475
2005,commander,0.20483264726898032,cock,0.1423002118368352
2005,surplus,0.20483264726898032,nobody,0.1411014326369162
2005,abuse,0.20483264726898032,hazel,0.14100798181560242
2005,medicare,0.20483264726898032,tear,0.14002345924395868
2005,sanchez,0.20483264726898032,soldier,0.1396800488013398
2005,budget,0.20483264726898032,earlier,0.1389935820753795
2005,safety,0.20314240068672848,ding,0.13876040557223732
2005,backcountry,0.20217248301873386,step,0.13816189663701128
2005,worldcom,0.2013010499022738,drill,0.13761928381588667
2005,korea,0.2011358763462959,position,0.13761928381588667
2005,catholic,0.1999170698469176,raw,0.13761928381588667
2005,test,0.1999170698469176,dick,0.13437875460422774
2006,brothel,0.4740246135805581,rompe,0.6158728880989827
2006,price,0.4683426895675306,ha,0.5726911969673267
2006,watt,0.44667703972014133,london,0.5700223524341655
2006,hamas,0.4332169878499658,laffy,0.560910360250312
2006,rate,0.4074427987625571,woo,0.5331901388922656
2006,therapy,0.39704625752901446,taffy,0.505738849406019
2006,muslim,0.39383362531815075,wait,0.48039927798143506
2006,marine,0.39383362531815075,hump,0.42880995813133566
2006,bill,0.39383362531815075,alright,0.3986805880364806
2006,employee,0.38712010109078915,lean,0.3814570062507904
2006,animosity,0.36868581056265626,shoulder,0.3788408539487617
2006,garage,0.3601117219449201,beautiful,0.3648143055578659
2006,palestinian,0.35662710264200265,booty,0.3543218207891132
2006,drug,0.3465735902799727,slowly,0.3532654914896935
2006,china,0.34157655978599044,hoo,0.34359772286164714
2006,taliban,0.3366261748615557,wit,0.3406351147362748
2006,runway,0.3318172295063907,wish,0.3387891326805677
2006,jet,0.3318172295063907,smack,0.3269595448401935
2006,water,0.3242912071783618,br,0.30686349476708896
2006,school,0.3178053830347946,hung,0.2796685140960073
2006,venture,0.31601640905370537,dance,0.2715153779535686
2006,barrier,0.31601640905370537,uh,0.268938983007244
2006,mail,0.3096960808726313,pump,0.26415669990851576
2006,gotti,0.3096960808726313,he,0.2601807792859893
2006,memorial,0.3036236086986581,louderbr,0.25965372634138295
2006,bird,0.29778469314676087,tryna,0.25903078027845705
2006,dawson,0.29778469314676087,wit,0.2555061849055829
2006,sanctuary,0.29778469314676087,confidence,0.25246963114616683
2006,spitzer,0.29778469314676087,gone,0.2501000286420754
2006,charge,0.2956329144509717,gimme,0.24890095460195086
2006,seizure,0.29034007581809185,di,0.24709793686646112
2006,kerry,0.29034007581809185,stupid,0.246698242538425
2006,telemarketing,0.29034007581809185,dirty,0.24111247068504443
2006,police,0.28412598836862846,loosen,0.24028144205635185
2006,van,0.2832586105542359,grill,0.23193261299806966
2006,college,0.28100561374051836,muster,0.22441744990770385
2006,israeli,0.2772588722239781,ridin,0.22433185032808337
2006,hospital,0.27361072916839946,stick,0.2240690258982928
2006,jordan,0.2700837914586901,wowomp,0.22079093218105844
2006,anthem,0.2700837914586901,catch,0.22001777628331254
2006,police,0.2686282071848851,far,0.21802454340685945
2006,ranger,0.2665950694461328,knew,0.21564578950753852
2006,group,0.2665950694461328,lay,0.21534669687299268
2006,foxx,0.26394552347099254,hey,0.21498912193616124
2006,grunt,0.26394552347099254,format,0.21270335224768633
2006,gym,0.26394552347099254,crazy,0.2107952316738888
2006,religious,0.25993019270997947,rock,0.21021716712683056
2006,iran,0.25920265605559084,button,0.2082173199193482
2006,unschooling,0.2580800673938594,world,0.20774022831629624
2006,veto,0.2580800673938594,womp,0.2060715367023212
2006,astor,0.2538492466169109,people,0.20537694238813192
2006,church,0.2535904319121751,ounce,0.2009122262492595
2006,football,0.25246963114616683,sexy,0.2008756872583114
2006,player,0.25246963114616683,lean,0.19910385539424816
2006,archdiocese,0.25246963114616683,head,0.19849927609260004
2006,electricity,0.25246963114616683,dat,0.19567961846046783
2006,mccarthy,0.24975490392954136,tha,0.18826298176669234
2006,longer,0.24975490392954136,bad,0.1862793944726366
2006,porkbarrel,0.24975490392954136,shit,0.1846872421886696
2006,marine,0.24755256448569474,nothing,0.18333807312253098
2006,capitalist,0.23701230679027904,check,0.1831387124270276
2006,coast,0.23541139484058857,huh,0.18058193395948435
2006,bank,0.2325405241718009,missin,0.17970482458961545
2006,dialysis,0.23227206065447345,kissin,0.17970482458961545
2006,kidney,0.23227206065447345,chain,0.17812720841205298
2006,charter,0.23227206065447345,tryin,0.17703010509430778
2006,gate,0.23227206065447345,que,0.17596368231399506
2006,foreign,0.2277177065239936,question,0.17570047018703033
2006,film,0.2277177065239936,lip,0.1751057943131103
2006,quattrone,0.2277177065239936,theyd,0.17370773766894385
2006,altman,0.2277177065239936,iz,0.17301457031990575
2006,adoption,0.2277177065239936,sick,0.171339752497964
2006,potential,0.2277177065239936,everyone,0.16949620428522377
2006,al,0.2277177065239936,eh,0.1691784503481598
2006,qaeda,0.2277177065239936,bye,0.16769689852256742
2006,church,0.22602625453041694,waitin,0.1672659910709445
2006,raise,0.2248044909924147,fallin,0.16710220190969316
2006,reelection,0.22359586469675655,stoppin,0.166383997603491
2006,politics,0.22359586469675655,windmill,0.16590861475319535
2006,practice,0.22359586469675655,uh,0.16549293128725084
2006,real,0.22333851986007067,little,0.1622259358757319
2006,coach,0.22333851986007067,highway,0.15847021682079085
2006,estate,0.22333851986007067,sugar,0.15800820452685269
2006,crash,0.22121148633759377,complex,0.15800820452685269
2006,wrong,0.22121148633759377,proudstronger,0.1564121620568845
2006,guard,0.21888224289138783,uh,0.1562687351171418
2006,shiite,0.21820317020104357,save,0.15591832188890892
2006,libby,0.21809583160044457,forget,0.1550517651177915
2006,return,0.21668548843281446,goddamn,0.15484804043631564
2006,cleric,0.2166084939249829,chime,0.15484804043631564
2006,holiday,0.21506672282821615,else,0.15351333247559665
2006,season,0.21506672282821615,babe,0.15234003968350446
2006,winter,0.21506672282821615,hey,0.15185307600047845
2006,sell,0.21506672282821615,wait,0.14988102023960914
2006,jacket,0.21506672282821615,spendin,0.14667940755452058
2006,lebanon,0.21218791241630977,california,0.14608305701539212
2006,woman,0.2118702553565297,promiscuous,0.14608305701539212
2006,merger,0.21115641877679406,upbr,0.14162930527711795
2006,trade,0.21115641877679406,night,0.14112206944300082
2006,rural,0.20925410869772385,left,0.14031851265038986
2007,bypass,0.4196445338087604,bay,0.7973687545228688
2007,richardson,0.4173761849773617,walk,0.530111597270579
2007,turkey,0.3860729711040596,glamorous,0.509907697684607
2007,syndrome,0.3860729711040596,wait,0.4315159620294327
2007,hospital,0.3770931583905536,hoo,0.41015730898118785
2007,owen,0.3676885439086281,party,0.4036940848082864
2007,qualify,0.35913764753866,uh,0.39964431760736996
2007,derby,0.35913764753866,rock,0.38676038591444917
2007,food,0.33697686494475004,runaway,0.3743737901615123
2007,heart,0.3357156270470083,rew,0.3707323232456201
2007,rezko,0.3357156270470083,ay,0.3654902919785366
2007,telephone,0.3357156270470083,kisskiss,0.36194341041005584
2007,north,0.328572741365157,eh,0.35512938287646245
2007,dance,0.328572741365157,rain,0.35420324298075523
2007,fire,0.3232227071919031,suicidal,0.3431759743147196
2007,hospital,0.31675825304806504,cold,0.3374715162368413
2007,hollywood,0.31303213873302127,bed,0.3250354717261655
2007,school,0.31008583082425284,everyone,0.32329961197028595
2007,lake,0.30903244199811225,ive,0.3156713211525397
2007,army,0.30713463137177166,ha,0.30459713577583863
2007,clinton,0.3067123936631709,smack,0.29182978065307696
2007,foreclosure,0.30479445087162593,ella,0.28955472832804463
2007,tax,0.30457524331544716,wherever,0.2857737641523063
2007,dutch,0.30280233027769377,jiggy,0.28104928930946865
2007,vote,0.29406507258999415,head,0.2787534756933064
2007,korea,0.29406507258999415,lock,0.2740647259844658
2007,libby,0.2913758272483468,ricky,0.27406414615411634
2007,anderson,0.2913758272483468,getta,0.2730604245478517
2007,infection,0.28955472832804463,hip,0.27248246412817284
2007,university,0.28772056483046726,ay,0.2687645783438128
2007,pollution,0.28249241788101914,cyclone,0.26846133752269036
2007,china,0.2815628915982801,shawty,0.26393977065820856
2007,church,0.27949257621888096,rock,0.2613106551953968
2007,brain,0.27576640793147106,carry,0.2563361585360064
2007,obama,0.27544195917223047,far,0.25440555206062365
2007,summer,0.27544195917223047,race,0.2517867202852562
2007,clinton,0.2739013003875758,side,0.2517470677119382
2007,king,0.27278404759992875,two,0.2514735962704488
2007,property,0.27278404759992875,yee,0.24997530503140544
2007,baseball,0.2695814919558,end,0.24292244691774095
2007,oil,0.2695814919558,wind,0.24241703039392734
2007,china,0.2695814919558,gone,0.2399939150336353
2007,friendly,0.26935323565399505,nobody,0.2369780840638416
2007,congo,0.26935323565399505,around,0.23278568064577532
2007,environmentally,0.26935323565399505,remember,0.22341352214738217
2007,hospital,0.26396521087338753,sexy,0.22328494132951232
2007,church,0.26396521087338753,late,0.22195834634148545
2007,warn,0.26396521087338753,delilah,0.21853187043626013
2007,trial,0.26396521087338753,drive,0.21835661671761988
2007,musharraf,0.2632315712073133,star,0.2175071279854209
2007,subpoena,0.2632315712073133,hey,0.2159677325096357
2007,suburb,0.2632315712073133,bought,0.21528128367180258
2007,iran,0.25857816575352244,thanks,0.2104729707370009
2007,patch,0.2573819807360397,intricate,0.2098222669043802
2007,company,0.2573819807360397,woo,0.20831275419283787
2007,satellite,0.2573819807360397,scene,0.20803101483241151
2007,inquiry,0.2573819807360397,whoa,0.20740123711480452
2007,stent,0.2517867202852562,apologize,0.2073548576877775
2007,iranian,0.2517867202852562,hot,0.20689702418125405
2007,religion,0.2517867202852562,step,0.206104315276345
2007,decision,0.2500723050379461,anymore,0.20499258715715724
2007,strike,0.24680461449517366,pop,0.2041142815464849
2007,water,0.24680461449517366,flirt,0.20354187252084774
2007,river,0.24680461449517366,amen,0.20319630058108396
2007,elderly,0.24680461449517366,mad,0.20098559584753858
2007,mentally,0.24642955602386776,ouou,0.20055738758652444
2007,blackwater,0.24642955602386776,de,0.19891347457352015
2007,melamine,0.24642955602386776,arm,0.19843225215018034
2007,bat,0.24642955602386776,rehab,0.19547998536914407
2007,beetle,0.24642955602386776,save,0.19394508246006495
2007,researcher,0.2412956069400372,strung,0.18832827858734613
2007,facebook,0.2412956069400372,liar,0.18718689508075614
2007,britain,0.2412956069400372,whoa,0.18575329654053196
2007,data,0.2412956069400372,wed,0.18523874447255265
2007,south,0.24106497229761148,delicious,0.18489710249805652
2007,clinton,0.23873829560808976,wave,0.18384427195431405
2007,space,0.23756868978604878,better,0.1834027577373437
2007,rico,0.2363712067984038,lay,0.1830409564477143
2007,puerto,0.2363712067984038,drop,0.1800939299715417
2007,head,0.2355862229272112,yodelay,0.17727840509880285
2007,immigration,0.23177433149858417,memory,0.17584819745629376
2007,death,0.23177433149858417,summer,0.17355210334363808
2007,system,0.23093639052285805,difference,0.17104498719800107
2007,mccain,0.23035097352882875,fight,0.17045871471679072
2007,jury,0.22710174770827032,girlfriend,0.16945914772118706
2007,nam,0.22710174770827032,aw,0.1690075077521298
2007,baroody,0.22710174770827032,eh,0.16790987370045507
2007,angeles,0.22625589503433216,waitin,0.16705080480464113
2007,los,0.22625589503433216,deserve,0.1642450200989967
2007,patient,0.22625589503433216,ha,0.16060576249998765
2007,mormon,0.22534334366950637,umbrella,0.1604229994218629
2007,illinois,0.22534334366950637,world,0.1595157172466777
2007,football,0.22534334366950637,sweeter,0.15678090197119168
2007,surgery,0.22534334366950637,tasty,0.15494567402169615
2007,taxi,0.22273440640618822,lip,0.15454617733601347
2007,compromise,0.22273440640618822,explode,0.15239722543581297
2007,ban,0.22054880444249558,tonight,0.14957381574785006
2007,utah,0.21853187043626013,north,0.14893022624192206
2007,iran,0.21597153616913525,east,0.14893022624192206
2007,social,0.21595403768327695,escape,0.14808276869710418
2008,kennedy,0.5347844138208113,bum,0.9803266929959534
2008,william,0.4851954747429297,ay,0.9266478331466508
2008,jr,0.4851954747429297,wee,0.912842201970338
2008,buckley,0.4851954747429297,shake,0.7892647812821908
2008,satellite,0.4566545644639338,lolli,0.7393454853225595
2008,manual,0.38815637979434375,damage,0.7361586513341002
2008,army,0.34760986898352736,realize,0.7357884501654213
2008,custody,0.34760986898352736,fine,0.5925233615581362
2008,hiller,0.3375272867776902,fix,0.5693609923006051
2008,kazmierczak,0.33034585514412235,sent,0.5133479077815805
2008,beef,0.32346364982861975,air,0.49064286679114694
2008,bloomberg,0.32346364982861975,womanizer,0.4534537147130184
2008,cost,0.31686235085252545,bedum,0.42392505643068257
2008,texas,0.31545458149673217,bleed,0.4138810032180495
2008,bank,0.31258986444936193,low,0.409511686999448
2008,kennedy,0.30898655020757987,remember,0.40327713698542245
2008,online,0.3064392472060608,burnin,0.38558580774272555
2008,arizona,0.3064392472060608,lockdown,0.3795306824655806
2008,university,0.29659689464032485,rew,0.37273294748463476
2008,leno,0.2929482111655424,kisskiss,0.36389660605719726
2008,medicaid,0.2911172848457578,eruption,0.3545659238506024
2008,spain,0.2911172848457578,sun,0.3488556548316803
2008,university,0.28985605612577203,music,0.34417509473428237
2008,dog,0.28752324429210646,saysay,0.34393603272916534
2008,heart,0.28752324429210646,dollar,0.3198054537041447
2008,gaza,0.27808789518682187,ayer,0.31816096704454405
2008,school,0.2767158767840073,set,0.3092706858174199
2008,video,0.27263519135962927,help,0.30850603946182037
2008,offer,0.2713546057347653,bill,0.30255048194149925
2008,middle,0.26957027873357114,stuntin,0.3008162327742063
2008,bank,0.26570138478195765,ay,0.29532191105161554
2008,yemen,0.2646520771325071,wherever,0.2874968841217143
2008,producer,0.2607074017376455,forever,0.2852962140486277
2008,religious,0.2607074017376455,addict,0.27507145024796015
2008,violence,0.2587709198628958,ever,0.27171199988949035
2008,measure,0.25434868462209315,cyclone,0.26991006541990786
2008,immigrant,0.25171710137238096,late,0.2591775465653026
2008,heparin,0.24775939135809172,stop,0.25709039370356646
2008,overseas,0.24259773737146484,help,0.25686597143771805
2008,dy,0.24259773737146484,sorry,0.2560520288423444
2008,obituary,0.24259773737146484,sexual,0.2506801939785053
2008,cattle,0.24259773737146484,itshake,0.24515139776484868
2008,sesquipedalian,0.24259773737146484,apologize,0.24479568238276572
2008,activist,0.24259773737146484,shadow,0.2344423983370215
2008,spark,0.24259773737146484,dangerous,0.21995528188346145
2008,patient,0.2404275458975094,sad,0.2173675726848325
2008,giuliani,0.23722184528554258,flash,0.21725616811470458
2008,drug,0.23722184528554258,wed,0.21460496463158119
2008,charlize,0.23524629078445075,keep,0.2143919071152242
2008,fibromyalgia,0.23289382787660623,piece,0.21418796406911383
2008,internet,0.2283272822319669,unlike,0.213944461303969
2008,spotter,0.2283272822319669,say,0.21390561156225996
2008,molczan,0.2283272822319669,impossible,0.21344465639339397
2008,venezuela,0.2283272822319669,much,0.21132852762290383
2008,romney,0.22564471696826985,need,0.21110092009621922
2008,tax,0.22244767098024362,breathe,0.21104268868656867
2008,encounter,0.22180364559676785,club,0.21063766631652486
2008,game,0.22180364559676785,write,0.21040312703545888
2008,leak,0.21971115837415683,tock,0.20930000871263635
2008,hospital,0.21971115837415683,could,0.2053427123328076
2008,right,0.21725616811470458,alabama,0.20519279989128303
2008,conservative,0.21725616811470458,tick,0.20447639351972197
2008,author,0.21725616811470458,embrace,0.20447639351972197
2008,recall,0.21725616811470458,yea,0.20253810363827493
2008,center,0.21697119995628894,bos,0.20166844529942224
2008,diabetes,0.21564243321907983,city,0.2015823881288867
2008,gaza,0.2128223687654249,cant,0.2015057911792085
2008,hamas,0.2128223687654249,sexy,0.2007374859149417
2008,strike,0.21256110782556614,rock,0.20018730268804732
2008,surgeon,0.20981425934829392,summer,0.19907173113594076
2008,roozrokh,0.20981425934829392,light,0.19710712177883144
2008,musharraf,0.20872136319564957,hate,0.19625714671645875
2008,germany,0.2085659213901164,grow,0.19374976303999883
2008,secret,0.20447639351972197,quite,0.18781760312629536
2008,chvez,0.20447639351972197,sometimes,0.18755391866961718
2008,illegal,0.20429283147070723,gray,0.18755391866961718
2008,outbreak,0.20429283147070723,habit,0.18661364413189604
2008,tornado,0.20429283147070723,biggest,0.1857675369292829
2008,alien,0.20429283147070723,away,0.18419997505130403
2008,bond,0.20351595430107394,moneyall,0.18386354832363652
2008,insurance,0.20351595430107394,ayayer,0.17817014154494465
2008,link,0.20351595430107394,thus,0.17599029814353115
2008,group,0.20233926818443945,notice,0.17525338862987128
2008,rise,0.20217770905017832,pop,0.17473875608008033
2008,stock,0.19927603858646825,rock,0.17287914346266695
2008,stimulus,0.1990545537406891,disturbia,0.17221955417496482
2008,iran,0.1986342108477299,ya,0.17186162774959365
2008,law,0.1984000625998543,might,0.1712904161866239
2008,edward,0.1976848710712855,lollipop,0.17094970094569542
2008,contract,0.19676030319822302,he,0.16830562114883976
2008,tentative,0.19407818989717188,put,0.1673200730416999
2008,religion,0.19407818989717188,awayayayayayy,0.16669292383806172
2008,stabilize,0.19407818989717188,fly,0.16562728195581616
2008,suitcase,0.19407818989717188,bust,0.16277525604278933
2008,continue,0.19407818989717188,dance,0.16210134553412478
2008,cash,0.19407818989717188,sweet,0.15675452331643783
2008,mayor,0.1931165938797374,cold,0.15578078989321892
2008,base,0.18934457550943598,stress,0.15532752609908806
2008,drug,0.18927274889803927,ya,0.154389028928385
2008,urban,0.18755391866961718,yall,0.15151030264587573
2009,untitled,0.6469272996572395,boom,1.2301571421174586
2009,passport,0.6469272996572395,halo,1.1335540294879065
2009,stamp,0.6469272996572395,bum,0.9803266929959534
2009,west,0.6469272996572395,wing,0.757938493089547
2009,sale,0.5314027695639153,run,0.5410478087602848
2009,th,0.5314027695639153,ima,0.5132674474478816
2009,street,0.5314027695639153,hotel,0.4851954747429297
2009,recent,0.5314027695639153,muh,0.4785489613902868
2009,phelps,0.4436072911935357,womanizer,0.4534537147130184
2009,fight,0.41587823947059116,pretty,0.4429472373059551
2009,million,0.41587823947059116,bedum,0.42392505643068257
2009,generic,0.38815637979434375,diva,0.4222698986491067
2009,rat,0.3805454703866115,woo,0.4140334717806334
2009,recession,0.36967274266127975,ho,0.4140334717806334
2009,long,0.362802617617502,poker,0.41208382786385805
2009,gun,0.36107570213427326,fallin,0.40327935563048706
2009,blend,0.3404880524511787,diamond,0.40249563777040004
2009,pirate,0.3327054683951518,trust,0.40168251526985377
2009,end,0.322608941481354,lockdown,0.3795306824655806
2009,green,0.3160089718032067,beautiful,0.37106020123671035
2009,owe,0.3147213890224409,blame,0.36766428450180777
2009,site,0.3049209377048485,battlefield,0.3659051252458182
2009,drug,0.2965273066069282,huh,0.35890913191616675
2009,capture,0.29405786348056345,untouched,0.3307161980310552
2009,bank,0.2901476089329706,whatcha,0.32829146549770366
2009,sale,0.28985605612577203,read,0.3275770497311807
2009,job,0.28985605612577203,ay,0.31754555742233964
2009,bernanke,0.2818458397163735,hey,0.31103873671560084
2009,osetra,0.27080677660070496,cha,0.2945360063480115
2009,tax,0.26739220691040566,uh,0.28872119404585533
2009,bush,0.26739220691040566,found,0.2833632988088654
2009,marine,0.2587709198628958,suck,0.2794725934519275
2009,gas,0.25748879183964984,already,0.2767158767840073
2009,warrant,0.25536603933838403,fire,0.2691494039057167
2009,activity,0.25042347083506045,hey,0.2598984346769038
2009,active,0.25042347083506045,armor,0.25143733104087046
2009,russian,0.24775939135809172,belong,0.25120858197566903
2009,liberal,0.24775939135809172,double,0.2496645467837489
2009,opposition,0.2439367501638788,sugar,0.2496645467837489
2009,border,0.2420631074342271,obsess,0.24881819217586135
2009,storm,0.23764676313939412,game,0.2454172902227655
2009,poll,0.23700672885240498,thru,0.24349293197431157
2009,motor,0.23524629078445075,twenty,0.23886546448882692
2009,cooper,0.23382914445442393,burn,0.23146673969983
2009,mexico,0.23289382787660623,wolf,0.22982943540454562
2009,vaccine,0.2317399126556849,disguise,0.22982943540454562
2009,airline,0.2317399126556849,hustler,0.22000624619210593
2009,fontaine,0.2283272822319669,ring,0.21913904479531676
2009,lieberman,0.2279408976941163,part,0.21794198566614015
2009,monitor,0.2242644316022757,single,0.21189986111233464
2009,geithner,0.22393637295827526,lala,0.20887338823014015
2009,web,0.2237485345532275,dance,0.20686374873613542
2009,spend,0.217392042094329,gun,0.20528813534325802
2009,vaccine,0.21725616811470458,birthday,0.20447639351972197
2009,bruin,0.21564243321907983,room,0.20140006354642467
2009,index,0.20981425934829392,papapaparazzi,0.20126627100447453
2009,feed,0.20981425934829392,leave,0.19984399083819948
2009,lapse,0.20981425934829392,circus,0.19951963447372809
2009,hospital,0.20981425934829392,ready,0.19586755490500843
2009,accept,0.2085659213901164,throw,0.19415641151076593
2009,ethanol,0.20429283147070723,front,0.19398982675219603
2009,twitter,0.20429283147070723,rock,0.19178993001806274
2009,disrupt,0.20429283147070723,face,0.191321198438944
2009,highway,0.20429283147070723,getget,0.19109237159106154
2009,consumer,0.20217770905017832,mad,0.19069021560763197
2009,polanski,0.20163967781524353,heartless,0.19027273519330576
2009,conflict,0.19927603858646825,lady,0.18999513478351882
2009,prayer,0.1990545537406891,bag,0.18800002147989686
2009,hear,0.1962102533774457,holiday,0.18781760312629536
2009,scalper,0.19407818989717188,break,0.18666516604103833
2009,november,0.19323737075051467,momma,0.1855568695641605
2009,taliban,0.19323737075051467,uh,0.18206224827034853
2009,peace,0.1931165938797374,mayne,0.17830505078892114
2009,medicare,0.19276916766220248,beat,0.17658829860597408
2009,woman,0.19130499704300952,phone,0.17546025100864676
2009,hatoyama,0.19089658022672643,seek,0.1740611568584501
2009,emission,0.1884254270846329,disturbia,0.17221955417496482
2009,cap,0.1884254270846329,fuckin,0.17184006397145427
2009,freddie,0.18781760312629536,kiss,0.17142320137754605
2009,fannie,0.18781760312629536,turnin,0.17075572511471518
2009,clinton,0.18621957266974676,champagne,0.16974768795671008
2009,report,0.18547966412321115,good,0.16833426636298277
2009,jobless,0.18483637133063988,motel,0.16819832370170676
2009,peak,0.18483637133063988,three,0.1674801350868205
2009,unemployment,0.18483637133063988,two,0.1674801350868205
2009,mammogram,0.18483637133063988,york,0.16705464446845175
2009,regional,0.18483637133063988,nightmare,0.1663527341975759
2009,kitchen,0.18483637133063988,best,0.16634523545132318
2009,car,0.1829525626229091,rock,0.16562728195581616
2009,pakistan,0.18247834252734046,melody,0.16517292757206117
2009,saud,0.18194830302859863,floor,0.16478194394117762
2009,sevruga,0.18053785106713663,someone,0.16416246294891756
2009,beluga,0.18053785106713663,hook,0.164109678835915
2009,caviar,0.18053785106713663,iii,0.16358111481577756
2009,citigroup,0.17914909836662019,please,0.16248643294180015
2009,concussion,0.17914909836662019,surround,0.1621228788500081
2009,qaeda,0.17914909836662019,arm,0.16177235873526583
2009,gibbs,0.17643471808833808,together,0.1594208308691746
2009,thompson,0.17643471808833808,ya,0.15940437326850104
2009,treaty,0.17643471808833808,knock,0.15926529721756394
2010,stir,0.557424667082092,naturally,1.0080096063067834
2010,crosby,0.5034803444612445,aah,0.9299541743212298
2010,international,0.49950108020949713,blah,0.8895688987631315
2010,inside,0.49950108020949713,imma,0.8334564765851887
2010,move,0.4342966723080781,solo,0.6628351009213339
2010,police,0.42652599110006995,un,0.6426778514593533
2010,beat,0.42652599110006995,eh,0.553865634819801
2010,export,0.4218348831972589,magic,0.5368653342409163
2010,istanbul,0.4036523451284115,whataya,0.5220949346613961
2010,spa,0.3393019712673604,exception,0.5176086194333713
2010,call,0.31388922533374564,accord,0.45763876988838426
2010,time,0.31388922533374564,dougie,0.4417327550461862
2010,rate,0.3088636487276369,waitin,0.43760441154108165
2010,montrose,0.29448850336412413,low,0.4351269935649192
2010,google,0.29264795021809836,lover,0.433405442569426
2010,city,0.28435066073337995,break,0.406078278905702
2010,lake,0.278712333541046,impossible,0.3912176292549908
2010,question,0.2740561759737183,chick,0.374526916591401
2010,institute,0.27382264347892243,bye,0.36672291303025134
2010,marine,0.2601315113049763,rock,0.3605686420760279
2010,garrett,0.2601315113049763,bottom,0.35649933584483456
2010,pakistan,0.25584201669266926,sexy,0.341364413724968
2010,toyota,0.2544764784505203,whoaoh,0.3340730025320757
2010,russia,0.25174017223062223,tie,0.3303202709279838
2010,putin,0.25174017223062223,daddy,0.3130561452697268
2010,voter,0.24975054010474856,nothin,0.3080221370097504
2010,oil,0.24683272992420766,belong,0.3074281497240629
2010,subpoena,0.2438732918484153,american,0.2976080849675577
2010,twitter,0.2438732918484153,whatcha,0.29572452012403067
2010,budget,0.24370826498845818,ridin,0.2879715182449089
2010,study,0.2388962858923252,today,0.2805338733409856
2010,accuse,0.2388962858923252,already,0.2788641790609765
2010,cent,0.23839824282726,forever,0.2762989772449516
2010,internet,0.23839824282726,alejandro,0.274510640070578
2010,victim,0.23310050409776534,win,0.2712807590792959
2010,fraud,0.23310050409776534,drug,0.267492381751534
2010,davis,0.2322602779508717,meenie,0.2601315113049763
2010,indian,0.22511380786007568,fairytale,0.2581314307122905
2010,squash,0.22511380786007568,head,0.25559485173975904
2010,border,0.22511380786007568,bring,0.2541677203987498
2010,court,0.2230600253765926,three,0.24880682814170746
2010,clinton,0.22296986683283684,find,0.24657774083282705
2010,four,0.22129830958722066,hey,0.2462713537358912
2010,ask,0.22129830958722066,miney,0.2438732918484153
2010,police,0.22116162501485107,eenie,0.2438732918484153
2010,dub,0.2208663775230931,nah,0.2426096996626722
2010,user,0.21853172259165501,treat,0.24078080142745883
2010,kagan,0.21677625942081358,wish,0.23845848126129515
2010,tax,0.2115743683703045,bulletproof,0.23828840730226838
2010,better,0.21041478616489834,hard,0.23596795627029052
2010,nuclear,0.2097904536879888,bah,0.23334055831343392
2010,pakistani,0.20927122754443692,hey,0.22061345298532864
2010,gun,0.20836529149446098,breakeven,0.2155786005289859
2010,seaman,0.2053669826091918,made,0.20733422743440308
2010,lend,0.20182617256420576,must,0.206959491207865
2010,job,0.20069770462721795,papapaparazzi,0.20232450879275934
2010,cuomo,0.19980043208379886,body,0.19725000206917628
2010,friday,0.19860618224642793,bitch,0.19071448580646388
2010,team,0.19645870340906324,mo,0.18939415957943434
2010,money,0.19645870340906324,somebody,0.18930752153671346
2010,iranian,0.19509863347873224,secret,0.18875444053027643
2010,gucci,0.19509863347873224,rude,0.18731290507856144
2010,budget,0.19447427206149695,sister,0.18692084644668958
2010,child,0.19190029522498253,undo,0.18362224327410093
2010,age,0.19190029522498253,king,0.17926982939634203
2010,increase,0.19113820778908192,mayne,0.17924256079318157
2010,jihad,0.1903401302231534,bad,0.179143019862343
2010,suspect,0.1903401302231534,better,0.1781021679756504
2010,young,0.1903401302231534,stuck,0.17230673345580505
2010,unemployment,0.18900040872791787,want,0.1713090348431629
2010,charles,0.18880512917296668,iii,0.17002059562416755
2010,derivative,0.18880512917296668,handle,0.1693809891367845
2010,blagojevich,0.18580822236069736,two,0.1691808743894211
2010,columbus,0.18580822236069736,cooler,0.16891340876649663
2010,ohio,0.18580822236069736,york,0.16793300096903535
2010,fish,0.18580822236069736,gone,0.1662127888738172
2010,carp,0.18580822236069736,boy,0.1661354370440536
2010,insists,0.18580822236069736,lower,0.16580620408957414
2010,brand,0.18580822236069736,uh,0.16188322516782247
2010,slogan,0.18580822236069736,fallin,0.16044127445073497
2010,hmmm,0.18580822236069736,work,0.15979815107899778
2010,ownership,0.18402671376139368,damn,0.15852633958950574
2010,ethic,0.18402671376139368,who,0.15852633958950574
2010,gutierrez,0.18290496888631147,young,0.15809414856016796
2010,house,0.18111690004808623,need,0.15758845776765537
2010,higher,0.18085383938619726,cut,0.15671438642832894
2010,financial,0.17984214545987778,yeahyour,0.15556037220895594
2010,championship,0.1793080800752041,gon,0.15516273531960217
2010,black,0.17824966792241728,lovin,0.15515792941636516
2010,goldman,0.17736239407157478,worry,0.1542576865352859
2010,mail,0.17736239407157478,remember,0.1540489556065984
2010,stamp,0.17736239407157478,soul,0.15371619109052453
2010,unacceptable,0.17736239407157478,dj,0.15184868729910397
2010,provider,0.17736239407157478,peter,0.15174338159456952
2010,postal,0.17736239407157478,eighty,0.15174338159456952
2010,rein,0.17736239407157478,countin,0.15174338159456952
2010,paterson,0.17703835754260658,gosh,0.1515329192067823
2010,point,0.17661398007195178,teenage,0.1515329192067823
2010,billion,0.17661398007195178,airplane,0.15123925075870717
2010,issue,0.17502684485534722,someone,0.1508246550750358
2011,lee,0.5130521974331995,without,0.6705645305892823
2011,refugee,0.4012331287618611,edge,0.6498678477021884
2011,park,0.38626509898418404,boom,0.5470873513481496
2011,whistleblower,0.3556384550389224,blowohohoh,0.5177677507184311
2011,bulger,0.317191054494174,wiggle,0.49394229866517
2011,student,0.3129618404342517,remind,0.44712421993343143
2011,point,0.31205544516187406,hopeless,0.4318466954044057
2011,drug,0.31205544516187406,waitin,0.39325882960597924
2011,rail,0.3104780163038211,bottom,0.38434338207381497
2011,torre,0.28977948188356634,yellow,0.3827880127318988
2011,veteran,0.2882102381358889,whoaoh,0.3706127057774033
2011,itc,0.2845107640311379,shake,0.36664192395110806
2011,april,0.279430214673439,backseat,0.3360844506381569
2011,yankee,0.2768335182094722,gave,0.32660284193641237
2011,light,0.26979469002952733,friday,0.32600191711901216
2011,facebook,0.26973522287076784,imma,0.32128455716086834
2011,brewer,0.26522189867309465,born,0.319471546591799
2011,controller,0.26522189867309465,black,0.31340741543530065
2011,ban,0.26080153369520975,run,0.31080696681542125
2011,yankee,0.2597450294311098,fly,0.2786643082865538
2011,college,0.257510065989456,place,0.27590936414871514
2011,rule,0.25576461061454875,whoa,0.2527227541091026
2011,libya,0.24838241304305686,pump,0.25259103497643937
2011,oil,0.24607423840841977,god,0.2521712103987979
2011,maverick,0.24450143783925912,better,0.2484856222031607
2011,advertiser,0.24183157912551598,found,0.2340550656844256
2011,school,0.2395116125772334,jagger,0.22213488942298526
2011,education,0.2395116125772334,tequila,0.22143526445819695
2011,mortgage,0.22868855852086836,raise,0.22082873392859065
2011,vote,0.22622954176257948,dance,0.21124328462001996
2011,court,0.22536102007904896,roll,0.20997321767088503
2011,master,0.22199143619780692,please,0.20788320491938203
2011,conference,0.22199143619780692,hoo,0.2072842106790137
2011,seed,0.22143526445819695,december,0.20688583201783464
2011,troop,0.21915986858249886,barefoot,0.20589594765411293
2011,diet,0.21733461141267477,sometimes,0.20083121386954128
2011,campus,0.2143574249549669,floor,0.2005086162887517
2011,homeless,0.2143574249549669,fallin,0.19560115027140731
2011,hotel,0.2133830730233534,stereo,0.19153467506369648
2011,spaith,0.2133830730233534,youno,0.19083039050869005
2011,murder,0.21146070299611602,whats,0.1873024325265098
2011,owner,0.21146070299611602,doctor,0.18714775294685296
2011,ohio,0.20992668423053482,place,0.18632840176276866
2011,greene,0.20957266100507924,drink,0.18568006020357328
2011,castro,0.20934674013850638,glory,0.1855321638793641
2011,guilty,0.20626811160705774,glass,0.18421441814823064
2011,inning,0.20589594765411293,whenever,0.18156934096155247
2011,january,0.20589594765411293,come,0.17831251809661475
2011,rose,0.20589594765411293,limit,0.17258925023947705
2011,police,0.20327871868521633,something,0.17133442716768413
2011,gate,0.20322197430795566,amaze,0.16941451709832633
2011,bud,0.20234601752214548,daylight,0.16935164525662968
2011,locke,0.20234601752214548,hey,0.16810273560665684
2011,politico,0.20234601752214548,say,0.16774560403369518
2011,afghan,0.20234601752214548,rock,0.16761561615827772
2011,kabul,0.20234601752214548,price,0.16436990143687413
2011,woman,0.20117973905426254,kid,0.16325054973910996
2011,sale,0.2009579083400026,badoomboom,0.16300095855950608
2011,water,0.20037473698971323,alive,0.1614247306764306
2011,memorial,0.20037473698971323,good,0.16046519429650594
2011,displace,0.19891642400482099,wanna,0.15970153924355435
2011,braun,0.19891642400482099,firework,0.15921023859300595
2011,east,0.19848440928226313,kick,0.15899861662807313
2011,coghlan,0.19560115027140731,may,0.15866777815927519
2011,helm,0.19560115027140731,moment,0.15292869221977637
2011,justice,0.1948087720733323,dayo,0.15241648073096672
2011,dissent,0.1948087720733323,teenage,0.15192322351177265
2011,chinese,0.19327304990670907,stay,0.1518820150227322
2011,senate,0.19327304990670907,crazy,0.14995776023182625
2011,gay,0.19313254949209202,pretty,0.149470568028344
2011,military,0.19263564869214975,blue,0.14807424825052823
2011,turkey,0.1923945740374498,perfect,0.14770342949171084
2011,floor,0.19126679439927172,bite,0.14624385067021106
2011,priest,0.19083039050869005,dirt,0.14613328163678005
2011,iv,0.19083039050869005,bass,0.14610657905499924
2011,cleveland,0.19083039050869005,move,0.14277779606158988
2011,applefeld,0.19083039050869005,tonight,0.1427116355640146
2011,hacker,0.18990402938971582,track,0.14265391778828526
2011,guilty,0.18954367012540443,deep,0.14209786456892706
2011,guatemala,0.18628680978229264,name,0.14077568792439402
2011,highspeed,0.18628680978229264,blow,0.1403115575426531
2011,marine,0.18628680978229264,jean,0.13996105457540936
2011,arab,0.18628680978229264,dark,0.1395910497769201
2011,retailer,0.18628680978229264,moon,0.13914732751392445
2011,job,0.18522658528091324,light,0.13862943611198905
2011,mets,0.18455567880631482,nebraska,0.1383038436262476
2011,committee,0.18455567880631482,home,0.13793042221024593
2011,prospect,0.18455567880631482,dancin,0.13739104130535004
2011,spend,0.18420680743952367,ill,0.13736602465463701
2011,bank,0.18339724392639847,tonight,0.13527169247773893
2011,iraqi,0.18337607837944433,oooh,0.13452268148286375
2011,team,0.18220051838876608,hang,0.13397193889333506
2011,beer,0.18137368434413698,outrun,0.13261094933654732
2011,afghanistan,0.18137368434413698,faster,0.13261094933654732
2011,privacy,0.18055490794283752,tonight,0.13198763982799036
2011,pawlenty,0.18055490794283752,beauty,0.1306791762976391
2011,bank,0.18028881606323918,sex,0.1302492292849561
2011,run,0.17884968797337258,freak,0.12972000180159893
2011,regulator,0.17829955410101603,ssh,0.12826304935829988
2011,worker,0.17829955410101603,jar,0.12784388906627928
2012,santorum,0.555974328301518,cake,1.1286278864520816
2012,horse,0.471735793710379,wake,0.940870066338532
2012,filipino,0.40966529453796063,rumor,0.8981123764870677
2012,root,0.40966529453796063,rack,0.7344588266938521
2012,nhl,0.38918202981106265,without,0.6644269992523143
2012,hockey,0.38918202981106265,paraparaparadise,0.593667503101621
2012,hurricane,0.3671528583123233,woahohohoh,0.5701392793410471
2012,bonin,0.36202979517308154,oooooo,0.4947229192513508
2012,bolton,0.3384191563574458,aaaaohohhhhh,0.4941994029346827
2012,kentucky,0.33358459698091086,wiggle,0.4913914517816448
2012,score,0.33203382761928213,hoo,0.47078471348112416
2012,korea,0.3243183581758855,aaaaaaaohohohoh,0.46331194025126504
2012,game,0.32167887202556456,belong,0.43242447756784735
2012,tax,0.32142692902577824,ho,0.43242447756784735
2012,victory,0.31769961617229603,hopeless,0.4296165264148094
2012,lewis,0.2993707921623559,diamond,0.42330803501669967
2012,lindsay,0.2993707921623559,light,0.41625840822519344
2012,politician,0.2993707921623559,whistle,0.41568081111567823
2012,league,0.29755295662364717,bright,0.3943569596980292
2012,reactor,0.2904343506052706,city,0.38002425546459717
2012,study,0.2846004236736704,wide,0.3799233219874478
2012,airstrikes,0.2830414762262274,titanium,0.37064955220101203
2012,front,0.277987164150759,bitch,0.3530084756513028
2012,carlos,0.277987164150759,somethin,0.3498265436503934
2012,talk,0.277987164150759,run,0.34726515682934167
2012,church,0.277987164150759,solo,0.3279623846722438
2012,page,0.277987164150759,op,0.3184216607545058
2012,religion,0.277987164150759,glad,0.31759874926035137
2012,sphere,0.277987164150759,thousand,0.3086438973075219
2012,king,0.2702652984799046,awake,0.3075647228414117
2012,oped,0.2681811684617279,gangnam,0.3007315684903666
2012,mark,0.2681811684617279,come,0.29594252425210416
2012,better,0.2681811684617279,climax,0.2904343506052706
2012,christian,0.2653513839620881,turn,0.28305947848021695
2012,service,0.2653047668149281,stronger,0.2817256719193909
2012,food,0.2550453913916976,bout,0.2817000052136034
2012,cia,0.2538143672680843,babe,0.2805113371266349
2012,july,0.2508763229451515,everybody,0.2768397566764467
2012,antibiotic,0.24947566013529654,found,0.2765840320054709
2012,bruce,0.24902537071446157,turn,0.2750322222332187
2012,doctor,0.24841406158152932,international,0.2748869355542822
2012,air,0.24605177827312935,as,0.27133442060617646
2012,editor,0.24605177827312935,baby,0.27088362153342005
2012,force,0.24605177827312935,blown,0.266107370810983
2012,buy,0.24605177827312935,adorn,0.2556670268831798
2012,feb,0.24605177827312935,music,0.24829264446690247
2012,gun,0.2399004838163011,jagger,0.24654065236899894
2012,chinese,0.2358678968551895,ahooh,0.23925124783466967
2012,thoroughbred,0.2358678968551895,always,0.23431106259172912
2012,finally,0.2358678968551895,wild,0.23361376078973778
2012,art,0.23242367933349747,part,0.23101528071199365
2012,finance,0.22888688971049784,move,0.22688728173162856
2012,way,0.22888688971049784,help,0.22685953376182877
2012,security,0.2284766512536201,hotter,0.2245682691499224
2012,editor,0.2284766512536201,happen,0.224468288950925
2012,museum,0.2284766512536201,alarm,0.22029171498739394
2012,feb,0.2284766512536201,shine,0.21682436602978442
2012,study,0.2273709906523345,fall,0.21405419630834618
2012,democracy,0.22492614129048144,em,0.2130558557359832
2012,university,0.2231647174677354,stereo,0.2125784196446981
2012,earthquake,0.22238973132060721,shoot,0.21253782615974798
2012,gmos,0.22238973132060721,place,0.21150543623947773
2012,bagios,0.22029171498739394,cup,0.2051579672518226
2012,wait,0.21621223878392368,close,0.2032316931176682
2012,harrison,0.21621223878392368,break,0.2027493211359208
2012,commemorate,0.21621223878392368,talk,0.2020940905186249
2012,henry,0.21621223878392368,boyfriend,0.20164872010935886
2012,constituent,0.21621223878392368,burn,0.2002089811996953
2012,william,0.21621223878392368,kill,0.1999285855769135
2012,inauguration,0.21621223878392368,stood,0.1999170698469176
2012,moment,0.21621223878392368,whoa,0.19892391931773304
2012,seminal,0.21621223878392368,name,0.1968364985284981
2012,school,0.21486215457250132,here,0.19488942055914385
2012,school,0.21486215457250132,everywhere,0.19263503513396668
2012,gay,0.21345031775525278,zone,0.19132437018306195
2012,china,0.21253782615974798,reach,0.1909655592567571
2012,old,0.21129425393954318,hey,0.18588500065956828
2012,vicepresident,0.21036866476273658,ever,0.18581878374072422
2012,grey,0.21036866476273658,long,0.18146013935184202
2012,ryan,0.21036866476273658,he,0.18083328855580766
2012,canadian,0.21036866476273658,hundred,0.17876531260432107
2012,insurance,0.21036866476273658,party,0.17697141816426165
2012,television,0.21036866476273658,work,0.1749668950412525
2012,earmark,0.20849037311306926,love,0.17412793292903161
2012,risk,0.20636600758391493,good,0.17341854924327121
2012,bank,0.20636600758391493,somebody,0.17242024749645166
2012,stock,0.20483264726898032,hear,0.17062884341530563
2012,stony,0.20483264726898032,carry,0.1700661068293884
2012,brook,0.20483264726898032,hard,0.16986014797751042
2012,tangle,0.20483264726898032,doin,0.1692095781787229
2012,ny,0.20483264726898032,sometimes,0.16796821923960242
2012,joey,0.20483264726898032,red,0.1671645823728355
2012,unexplored,0.20483264726898032,weve,0.16675868713089653
2012,queen,0.20483264726898032,right,0.16606764793244486
2012,tabaco,0.20483264726898032,whoaohoh,0.16490763975045028
2012,ronkonkoma,0.20483264726898032,ohoooh,0.16490763975045028
2012,largely,0.20483264726898032,ridin,0.16468727319399087
2012,native,0.20483264726898032,love,0.16074184808511233
2012,political,0.2030044099704045,die,0.15921325093273184
2012,spend,0.2030044099704045,deep,0.15899776308133817
2013,film,0.46331194025126504,sail,1.2453824953954005
2013,crew,0.44477946264121443,ey,1.23959295644532
2013,jackson,0.44225230660348025,shake,0.8689980473821164
2013,drone,0.425165267073471,summertime,0.6638987567365187
2013,music,0.4022717526925918,tie,0.6338827618186296
2013,fashion,0.3873727988891625,safe,0.5836994740055989
2013,gamble,0.3873727988891625,suit,0.5815769304637602
2013,sebelius,0.3796897851815245,eh,0.5401395364792547
2013,cbs,0.3796897851815245,diamond,0.502715040871002
2013,catholic,0.3789516510872242,wait,0.49957437406244953
2013,charity,0.37064955220101203,aaaaohohhhhh,0.4941994029346827
2013,plant,0.37064955220101203,trouble,0.46847171531631804
2013,poultry,0.37064955220101203,uh,0.46782794246820475
2013,boston,0.3669847568423644,aaaaaaaohohohoh,0.46331194025126504
2013,google,0.35575052959208797,treasure,0.44773153872069155
2013,value,0.35380184528278424,red,0.41300252693194284
2013,iran,0.34063512310274596,find,0.4123168912709887
2013,vote,0.3367024334263875,bottom,0.4109064639088461
2013,apps,0.33203382761928213,try,0.40122971650139566
2013,heiress,0.3243183581758855,ready,0.3938200896489448
2013,parttime,0.3243183581758855,sadness,0.38918202981106265
2013,clothes,0.3243183581758855,highway,0.3891021417413463
2013,gave,0.3243183581758855,belong,0.3873727988891625
2013,splash,0.3243183581758855,miss,0.37395909507324415
2013,lilly,0.3243183581758855,whoa,0.36702121802596305
2013,pulitzer,0.3243183581758855,next,0.36426556284097356
2013,tropical,0.3243183581758855,drank,0.36146937753349473
2013,russia,0.32431211069790344,age,0.35650262272769095
2013,program,0.3198543749349876,chic,0.35380184528278424
2013,clinton,0.3169413809093148,uoeno,0.3509864459834517
2013,drought,0.31555299714410484,oooh,0.342920182623193
2013,oil,0.31359540368143934,sweet,0.3412574133123179
2013,islamist,0.31206567000494456,momma,0.33844886061457496
2013,strike,0.31206567000494456,worry,0.33739565701305174
2013,calculator,0.3113456238488501,demon,0.3357230923706075
2013,turkish,0.3113456238488501,fire,0.3277294178302053
2013,explosion,0.3072489709034705,radioactive,0.32679407083371675
2013,sudan,0.3052408076949511,bright,0.3253632324183195
2013,mexico,0.3052408076949511,lucky,0.3252887916153236
2013,bangladesh,0.3052408076949511,whoa,0.3223276127774361
2013,musician,0.2993707921623559,applause,0.3187266623452668
2013,royalty,0.2993707921623559,op,0.3184216607545058
2013,change,0.2975509876791332,fox,0.3169413809093148
2013,institute,0.291886522358297,timberlake,0.3169413809093148
2013,boy,0.291886522358297,lyric,0.3169413809093148
2013,abramovic,0.291886522358297,add,0.3113456238488501
2013,fashion,0.2905295991668718,ho,0.31035644549361296
2013,elite,0.2905295991668718,gangnam,0.3007315684903666
2013,obituary,0.2905295991668718,champion,0.2993335264143528
2013,generic,0.2882829850452316,justin,0.2907884652318801
2013,planet,0.28476733888614336,rock,0.29022759130057646
2013,settlement,0.28476733888614336,touch,0.2843811777602649
2013,iranian,0.28476733888614336,yeah,0.27571939217127256
2013,kepler,0.28476733888614336,yet,0.27050268783967923
2013,people,0.2833837682129973,night,0.2655803739354548
2013,chinese,0.2833837682129973,shine,0.26546730534591356
2013,risk,0.278908415200197,without,0.2649193840517397
2013,privacy,0.278908415200197,sound,0.26458084035485996
2013,predictive,0.277987164150759,nothing,0.26395699036388637
2013,walmart,0.27523856763177335,blame,0.26390573296152586
2013,build,0.27343962274529116,beautiful,0.26390573296152586
2013,china,0.2723397757598626,harlem,0.2594546865407084
2013,rice,0.27152234637981115,los,0.2594546865407084
2013,college,0.27050268783967923,terroristas,0.2594546865407084
2013,stream,0.2681811684617279,adorn,0.2556670268831798
2013,church,0.2681811684617279,breath,0.24934605303657584
2013,designer,0.26655609312922346,em,0.24594088464688882
2013,financial,0.26655609312922346,start,0.2340155995355134
2013,fire,0.26601981042309686,con,0.23242367933349747
2013,detroit,0.2653513839620881,team,0.23242367933349747
2013,biden,0.2653513839620881,daylight,0.23196279922513668
2013,artist,0.26147663925018466,gone,0.2299286482039063
2013,china,0.2609922851032017,wreck,0.2178971993751539
2013,conservative,0.2587417014118671,hey,0.2153908542443663
2013,economic,0.2574690077673423,dark,0.21407350149894197
2013,cable,0.2550991602440826,new,0.20907319563449098
2013,relation,0.2550453913916976,shine,0.20485833152264563
2013,hendrix,0.2538143672680843,woke,0.20163555468800856
2013,francis,0.2538143672680843,bugatti,0.20072425606301225
2013,tunisia,0.2538143672680843,whoa,0.19892391931773304
2013,speech,0.2538143672680843,whole,0.19836863774909813
2013,king,0.2538143672680843,gonna,0.19804043890284923
2013,spend,0.2508763229451515,light,0.1957556929719508
2013,south,0.2508763229451515,money,0.19366126111314488
2013,oscar,0.24902537071446157,roar,0.18831388539244967
2013,rich,0.24902537071446157,moment,0.1879897406373877
2013,motion,0.24902537071446157,hide,0.1862138672961678
2013,picture,0.24902537071446157,throw,0.18566232469655083
2013,weiners,0.24841406158152932,mirror,0.18469655652050432
2013,bard,0.24841406158152932,pour,0.18247087498870715
2013,legal,0.24796079718637265,attack,0.1783716608838469
2013,cholesterol,0.2432340830234276,welcome,0.17825131136384548
2013,glass,0.23827471212922202,bent,0.1772722977967354
2013,charge,0.23770603568198606,hall,0.17690092264139212
2013,drug,0.23693874944819862,troublemaker,0.17690092264139212
2013,senate,0.23491022891340566,ive,0.1733184302798656
2013,face,0.23491022891340566,eyey,0.17296979102713897
2013,present,0.23276733412020972,outta,0.17163611850271948
2013,factory,0.22893060577121332,need,0.17150032566212728
2013,derailment,0.22893060577121332,nigga,0.1705530643810252
2014,johnson,0.5675596610290392,instrumental,1.4632397510904918
2014,eviction,0.5002529063557236,animal,1.1196307266376837
2014,goal,0.4779101792149552,hitta,0.9676892220545119
2014,elephant,0.4758503255578835,wiggle,0.7728544901089875
2014,core,0.4107339652183836,fuckin,0.7008400952266337
2014,common,0.4107339652183836,shake,0.6506830844756119
2014,castro,0.3901972669574645,story,0.5078726066934552
2014,school,0.3901972669574645,bass,0.5038651594320602
2014,abbas,0.3629742018208972,cool,0.5013789826585467
2014,cohens,0.36129376570135596,turn,0.4990430540136266
2014,google,0.35472478814314956,mediocre,0.4713056876171622
2014,teacher,0.35472478814314956,loud,0.4477430914904232
2014,apply,0.34965075614664803,ohohohoh,0.4459397336656737
2014,heroin,0.34684201507330176,le,0.4443913318126679
2014,game,0.342794858967302,burn,0.43616944178522626
2014,sale,0.34112268892355907,burnin,0.429012701890406
2014,iran,0.3393019712673604,hey,0.42366520635511157
2014,qatar,0.3393019712673604,nana,0.4202124413388079
2014,puerto,0.3363769542736763,boom,0.37620650977803904
2014,oconnors,0.3344548002492553,demon,0.3757455163294102
2014,south,0.33300072013966475,whoa,0.37152968903580585
2014,atlantic,0.3320827803893315,round,0.35102488024950057
2014,religious,0.3320827803893315,map,0.34967970072596083
2014,fund,0.32375070013578516,adore,0.3458084401450365
2014,cut,0.3185283811897669,whoa,0.3423951610267523
2014,rebel,0.31762573805324357,happy,0.32881957307924486
2014,automobile,0.30603707212350156,radioactive,0.32764656004061904
2014,soccer,0.3040441357796939,follow,0.32536277526223284
2014,negotiation,0.3040441357796939,tu,0.32088591032686226
2014,iraq,0.30271938575610374,age,0.32029076898929587
2014,migrant,0.30015174381343424,kid,0.31445978855684426
2014,black,0.2975751116141685,stay,0.3064432869911625
2014,shiite,0.29448850336412413,bout,0.3051961240170687
2014,afl,0.29264795021809836,ladada,0.30015174381343424
2014,liberian,0.29264795021809836,another,0.29444835353673343
2014,bloomberg,0.2913756301222067,send,0.2852289323568622
2014,point,0.28903501256108477,clap,0.28504155011612475
2014,russian,0.2858725350516766,bang,0.27974376058076866
2014,haram,0.2855101953347301,sky,0.2737308529446813
2014,boko,0.2855101953347301,rather,0.2729488782930164
2014,older,0.2855101953347301,shotsturn,0.27223065136567287
2014,orphan,0.2855101953347301,lead,0.2695538827794745
2014,aig,0.2855101953347301,met,0.26643280808870784
2014,emission,0.2854291886911412,hittas,0.2601315113049763
2014,gm,0.2854291886911412,body,0.2577177162353389
2014,depot,0.2837798305145196,trumpet,0.25397455245752126
2014,world,0.27902830339258256,along,0.25320270849756804
2014,sudan,0.278712333541046,man,0.2498559117185729
2014,recall,0.27423588717384156,wrong,0.24890377363240196
2014,natural,0.27382264347892243,marry,0.24739440293394907
2014,doctor,0.27223065136567287,wreck,0.2438732918484153
2014,french,0.2689621201128062,remind,0.24342774162108405
2014,bank,0.2689621201128062,birthday,0.2424954766402322
2014,thailand,0.26604359110736214,animal,0.2423800835033608
2014,son,0.26604359110736214,part,0.23858386220481148
2014,college,0.262238067109986,play,0.23702379892085057
2014,sperrings,0.2601315113049763,problem,0.23361336507554456
2014,china,0.25584201669266926,latch,0.23310050409776534
2014,home,0.2548509437187759,ra,0.23088595677956478
2014,crozier,0.2544764784505203,gonna,0.22572733058548317
2014,activist,0.25174017223062223,clap,0.22466796051555707
2014,prize,0.25174017223062223,everybody,0.22201920816289328
2014,nobel,0.25174017223062223,bailando,0.21820241902226634
2014,report,0.2515678308454754,brother,0.21681253304153375
2014,egypt,0.24975054010474856,treble,0.2167256752975091
2014,paul,0.24975054010474856,fire,0.21325904717586458
2014,game,0.24975054010474856,id,0.21306420143866373
2014,brazilian,0.24906208529199858,nnnno,0.2128348728858897
2014,casino,0.24906208529199858,em,0.21072221245587652
2014,yangon,0.24906208529199858,nightare,0.2071843895349369
2014,myanmar,0.24906208529199858,contigo,0.2053669826091918
2014,syria,0.24683272992420766,puedo,0.2053669826091918
2014,black,0.2439423880092893,place,0.20462673457906322
2014,prosthetic,0.2438732918484153,almost,0.2039629410855447
2014,agency,0.24372913777146854,wooooooh,0.20358118276041623
2014,fund,0.24113845251492966,chandelier,0.2030230196980537
2014,great,0.2388962858923252,rude,0.20246084606283535
2014,spy,0.2388962858923252,new,0.2012724803666766
2014,britain,0.2388962858923252,darkest,0.20010116254228946
2014,veteran,0.2388962858923252,rule,0.19980043208379886
2014,coup,0.23839824282726,summer,0.19904546251336597
2014,european,0.23839824282726,stay,0.19810120955378355
2014,rebel,0.23571173192372286,full,0.19786233886722784
2014,justice,0.23479210895229508,dirty,0.19699289163127004
2014,fidel,0.23411836017447868,forget,0.19679843493731772
2014,putin,0.23361336507554456,something,0.19655460157324653
2014,afghanistan,0.22952780409262616,optimist,0.19509863347873224
2014,lopezs,0.22952780409262616,felt,0.19262464114196706
2014,video,0.22952780409262616,fun,0.19159456284709028
2014,player,0.2292018206439071,want,0.1905645692566795
2014,cup,0.22803310183477044,anaconda,0.1894161490084779
2014,peace,0.22558113299783744,roar,0.18880512917296668
2014,child,0.22558113299783744,fire,0.18805949179668527
2014,voter,0.22546465541100227,best,0.18766136917552467
2014,gas,0.22518073607120698,broken,0.1875821112691407
2014,de,0.22518073607120698,hide,0.18689069206043565
2014,bnp,0.22511380786007568,roll,0.1858049358795739
2014,spain,0.22511380786007568,weird,0.18470876542365183
2014,army,0.2239261453275367,til,0.1841000019312312
2014,israeli,0.2238715457452116,whatfire,0.1814871009104486
2015,nebraska,0.555974328301518,coco,0.8152173827368941
2015,marijuana,0.5405305969598092,watch,0.6537817985655798
2015,fence,0.5307027679241763,chain,0.5939716249633824
2015,blue,0.5189093730814168,shake,0.5864631687487883
2015,physician,0.4864775372638283,deep,0.5153446002342543
2015,stuttgart,0.44477946264121443,hey,0.5033452635963586
2015,coal,0.4437179332730406,bass,0.5022709854005203
2015,lottery,0.44225230660348025,bop,0.48445895827103236
2015,king,0.4264897490067575,renegade,0.4238616166259098
2015,trump,0.4230239454468072,harder,0.4016271178987403
2015,suicide,0.4230239454468072,lean,0.39661862910681545
2015,reservation,0.4230239454468072,drift,0.3941083846187976
2015,palestinian,0.4169807462261385,quan,0.39047178128027576
2015,video,0.39617672613664345,nae,0.38756716661682583
2015,university,0.3808920012876159,funk,0.37738863496830316
2015,speech,0.3796897851815245,need,0.37013883509001205
2015,biden,0.37690326378405,tree,0.3574120681938331
2015,pluto,0.37064955220101203,uptown,0.35380184528278424
2015,crash,0.3669847568423644,wave,0.31821357069598294
2015,apple,0.35380184528278424,shut,0.30417864073846984
2015,pac,0.35380184528278424,smack,0.30404846078989267
2015,super,0.35380184528278424,bang,0.30393865758995825
2015,yankee,0.35380184528278424,ghost,0.301865318313845
2015,pipeline,0.35380184528278424,post,0.2994851186796449
2015,scout,0.33121874877537244,earn,0.2993707921623559
2015,boy,0.33121874877537244,lyin,0.29404864474613623
2015,drug,0.3280690376975058,marvin,0.2924489241354806
2015,cancer,0.31769961617229603,gaye,0.2924489241354806
2015,george,0.31769961617229603,worth,0.29237369832472254
2015,correctness,0.3169413809093148,nobody,0.2919870671173629
2015,costume,0.3169413809093148,change,0.2896660157940388
2015,campus,0.3169413809093148,drag,0.279654159625866
2015,drug,0.31359540368143934,gotta,0.2775973117766617
2015,job,0.31321363855120754,mama,0.2714165482715701
2015,luxury,0.3113456238488501,change,0.26601981042309686
2015,hack,0.3072489709034705,bitch,0.26378140936582756
2015,cockpit,0.3072489709034705,bout,0.26212089452511433
2015,racial,0.3072489709034705,animal,0.2596708803915682
2015,plane,0.3072489709034705,duff,0.2583781110778839
2015,civilian,0.3031613208697793,remember,0.2553402228780368
2015,house,0.29989287836537026,ayo,0.2550195636938587
2015,harams,0.2993707921623559,cool,0.25496669777577896
2015,egypt,0.2993707921623559,better,0.24788973603033337
2015,boko,0.2993707921623559,century,0.24788664319175965
2015,christie,0.29755295662364717,motion,0.2432340830234276
2015,mecca,0.291886522358297,lip,0.243008022874689
2015,saudi,0.291886522358297,hit,0.24129285848285884
2015,arabia,0.291886522358297,treble,0.24122853087462562
2015,walker,0.2907884652318801,stranger,0.23827471212922202
2015,biden,0.2905295991668718,lololove,0.2330431316233908
2015,joseph,0.2905295991668718,miracle,0.23028522474027374
2015,delaware,0.2905295991668718,gun,0.22742901143208702
2015,bush,0.28502122545331804,money,0.2262094675551681
2015,woman,0.28502122545331804,chandelier,0.22597666247093962
2015,bush,0.28502122545331804,ya,0.22220199333299387
2015,swift,0.2830414762262274,spinnin,0.21891489176872275
2015,violent,0.277987164150759,wildest,0.21621223878392368
2015,tax,0.27343962274529116,gimme,0.21558188240262946
2015,black,0.27107399301276963,shot,0.21506660403353958
2015,bush,0.26857769321562663,heartbeat,0.2138868214725437
2015,vice,0.26655609312922346,happen,0.21345031775525278
2015,prison,0.2653513839620881,strange,0.21345031775525278
2015,town,0.2653513839620881,cheerleader,0.21283392255292488
2015,silo,0.2653513839620881,hang,0.21253782615974798
2015,blasio,0.2638522236007204,would,0.2046234079841215
2015,clinton,0.2611161728612801,wit,0.20423546753933317
2015,plantation,0.2594546865407084,que,0.20349387179663406
2015,bb,0.2594546865407084,slowly,0.1970541923093988
2015,fame,0.2594546865407084,classic,0.1969037814951557
2015,moan,0.2594546865407084,midnight,0.1958371296459601
2015,lucille,0.2594546865407084,clap,0.19459101490553132
2015,riley,0.2594546865407084,insane,0.19353037829180306
2015,mar,0.2594546865407084,move,0.19332040068595102
2015,parent,0.2550991602440826,crush,0.18831388539244967
2015,daley,0.2538143672680843,face,0.18727240087602268
2015,sesame,0.2538143672680843,whip,0.18713471728561515
2015,airstrikes,0.2538143672680843,huh,0.1865115520437715
2015,music,0.2535531047274518,husband,0.18532477610050602
2015,pope,0.25252682506979063,slow,0.18412027881036686
2015,measure,0.25252682506979063,brap,0.18357642915616165
2015,information,0.24902537071446157,fake,0.1834923784211822
2015,penalty,0.24902537071446157,fire,0.18250264214020528
2015,mafia,0.24323876863191415,drive,0.18167206565479788
2015,durst,0.24323876863191415,ay,0.17770406208614897
2015,wintours,0.24323876863191415,gonna,0.1771578432239516
2015,howard,0.24323876863191415,ny,0.17233152611559968
2015,storm,0.24323876863191415,met,0.17101273527199082
2015,vitro,0.24323876863191415,downtown,0.16965232068138503
2015,bring,0.24323876863191415,sugar,0.1674668431878912
2015,boundary,0.24323876863191415,ooohh,0.16593032278766237
2015,gynecologic,0.24323876863191415,oh,0.16560937438768622
2015,vw,0.23827471212922202,elastic,0.16444311118777294
2015,breast,0.23827471212922202,honey,0.16367864741795596
2015,silver,0.23804236529891776,house,0.16302731326260902
2015,christie,0.23804236529891776,bling,0.16291340782788669
2015,rubio,0.23770603568198606,hotline,0.16291340782788669
2015,environmental,0.2358678968551895,next,0.1626807684345654
2015,keystone,0.2358678968551895,summer,0.16192510199666765
2015,reject,0.2358678968551895,thurman,0.16119965731819164
2015,rate,0.23491022891340566,uma,0.16119965731819164
